Date,Time,Latitude,Longitude,Depth,MD,ML,Mw,Location
2026.01.02,01:19:36,37.0585,36.0638,18.1,,1.5,,LALEGOLU-TOPRAKKALE (OSMANIYE) İlksel
2026.01.02,01:22:52,36.9952,28.2642,5.3,,0.9,,CAMLI-MARMARIS (MUGLA) İlksel
2026.01.02,01:29:40,39.1343,28.2193,12.9,,2.2,,BAYRAKLI-SINDIRGI (BALIKESIR) İlksel
2026.01.02,01:33:11,39.2377,29.0567,5.0,,1.2,,KATRANDAGI-EMET (KUTAHYA) İlksel
2026.01.02,01:42:06,39.2307,28.9855,5.2,,2.3,,YEMISLI-SIMAV (KUTAHYA) İlksel
2026.01.02,01:44:20,39.2272,28.1855,6.5,,1.1,,SINDIRGI (BALIKESIR) İlksel
2026.01.02,01:48:17,37.4235,37.0767,10.1,,1.2,,DENIZLI-PAZARCIK (KAHRAMANMARAS) İlksel
2026.01.02,01:55:17,39.3143,29.1430,5.4,,1.6,,YENICE-EMET (KUTAHYA) İlksel
2026.01.02,02:09:03,39.2368,29.0052,10.2,,1.7,,YEMISLI-SIMAV (KUTAHYA) İlksel
2026.01.02,02:10:14,39.1685,28.2168,8.8,,1.9,,AKTAS-SINDIRGI (BALIKESIR) İlksel
2026.01.02,02:11:59,39.1958,28.1705,8.1,,1.3,,YAYLACIK-SINDIRGI (BALIKESIR) İlksel
2026.01.02,02:14:36,39.1473,28.2047,15.5,,1.3,,AKTAS-SINDIRGI (BALIKESIR) İlksel
2026.01.02,02:20:20,39.3780,28.8200,13.6,,1.5,,CANAKCI-DURSUNBEY (BALIKESIR) İlksel
2026.01.02,02:24:08,39.1473,28.1375,9.5,,0.9,,SINANDEDE-SINDIRGI (BALIKESIR) İlksel
2026.01.02,02:25:55,39.5638,25.8697,8.8,,1.5,,GULPINAR ACIKLARI-CANAKKALE (EGE DENIZI) İlksel
2026.01.02,02:29:14,36.9930,35.6858,18.0,,2.6,,CAKALDERE-CEYHAN (ADANA) İlksel
2026.01.02,02:30:00,39.1840,28.2042,8.1,,0.8,,AKTAS-SINDIRGI (BALIKESIR) İlksel
2026.01.02,02:40:35,36.2918,25.6997,11.3,,1.8,,EGE DENIZI İlksel
2026.01.02,02:44:11,39.1060,28.1302,11.9,,2.0,,KINIK-SINDIRGI (BALIKESIR) İlksel
2026.01.02,02:58:17,40.8150,31.3608,8.9,,1.6,,DARIYERIHASANBEY-KAYNASLI (DUZCE) İlksel
2026.01.02,03:09:26,37.4758,38.6323,5.4,,2.0,,YEMISLI-(SANLIURFA) İlksel
2026.01.02,03:19:26,39.2492,28.1350,5.0,,1.1,,IBILLER-SINDIRGI (BALIKESIR) İlksel
2026.01.02,03:35:58,37.0603,28.3227,6.3,,1.8,,AKYAKA-ULA (MUGLA) İlksel
2026.01.02,04:24:22,40.7975,27.4687,8.4,,1.8,,YENIKOY-(TEKIRDAG) İlksel
2026.01.02,04:56:19,40.7502,23.4307,11.8,,3.2,3.2,YUNANISTAN İlksel
2026.01.02,05:06:11,38.1152,38.4593,16.4,,1.2,,AKSU-SINCIK (ADIYAMAN) İlksel
2026.01.02,05:06:30,39.2477,28.0970,8.7,,2.1,,KOZLU-SINDIRGI (BALIKESIR) İlksel
2026.01.02,05:07:46,38.3595,25.3153,8.3,,2.3,,EGE DENIZI İlksel
2026.01.02,05:16:36,35.8510,35.9077,5.4,,2.3,,DENIZGOREN-YAYLADAGI (HATAY) İlksel
2026.01.02,05:22:10,39.1820,28.3622,6.8,,1.7,,CIKRIKCI-SINDIRGI (BALIKESIR) İlksel
2026.01.02,05:31:44,38.8288,26.7657,12.9,,1.6,,CANDARLI KORFEZI (EGE DENIZI) İlksel
2026.01.02,05:43:19,40.0097,42.8640,5.0,,2.1,,KORPINAR-KAGIZMAN (KARS) İlksel
2026.01.02,05:44:22,39.0242,25.8920,14.7,,1.8,,MIDILLI ADASI GUNEYI (EGE DENIZI) İlksel
2026.01.02,05:59:39,35.9160,35.9443,7.2,,2.4,,DENIZGOREN-YAYLADAGI (HATAY) İlksel
2026.01.02,06:00:11,39.2510,28.1185,9.6,,2.2,,KARAGUR-SINDIRGI (BALIKESIR) İlksel
2026.01.02,06:12:54,37.9880,27.1075,5.1,,1.9,,KUSADASI KORFEZI (EGE DENIZI) İlksel
2026.01.02,06:13:33,39.2693,40.7667,5.0,,2.0,,KARLICA-KARLIOVA (BINGOL) İlksel
2026.01.02,06:34:27,37.3447,37.0447,6.3,,1.1,,EMIROGLU-PAZARCIK (KAHRAMANMARAS) İlksel
2026.01.02,06:49:13,39.1863,28.2120,8.6,,1.1,,AKTAS-SINDIRGI (BALIKESIR) İlksel
2026.01.02,06:51:40,39.1697,28.1512,12.2,,1.9,,SINANDEDE-SINDIRGI (BALIKESIR) İlksel
2026.01.02,07:00:19,39.1557,28.2177,14.2,,1.8,,AKTAS-SINDIRGI (BALIKESIR) İlksel
2026.01.02,07:48:23,39.2425,27.9972,14.0,,1.7,,HACET-KIRKAGAC (MANISA) İlksel
2026.01.02,07:51:02,39.4062,28.8068,5.5,,1.9,,YASSIOREN-DURSUNBEY (BALIKESIR) İlksel
2026.01.02,07:56:08,39.2163,28.1785,11.5,,1.4,,YAYLACIK-SINDIRGI (BALIKESIR) İlksel
2026.01.02,08:19:37,39.2008,28.2345,12.4,,1.5,,ILICA-SINDIRGI (BALIKESIR) İlksel
2026.01.02,09:22:26,39.1322,28.1268,8.6,,1.4,,SINANDEDE-SINDIRGI (BALIKESIR) REVIZE01 (2026.01.02 09:22:26)
2026.01.02,09:31:02,39.2473,29.0293,11.0,,1.0,,KATRANDAGI-EMET (KUTAHYA) İlksel
2026.01.02,09:31:49,37.4532,37.0545,7.1,,1.4,,YENIYURT-(KAHRAMANMARAS) REVIZE01 (2026.01.02 09:31:49)
2026.01.02,09:35:19,39.2497,29.0148,15.5,,1.6,,YEMISLI-SIMAV (KUTAHYA) İlksel
2026.01.02,09:37:32,39.1350,28.8780,17.0,,1.1,,GUMUSSU-SIMAV (KUTAHYA) İlksel
2026.01.02,09:45:07,37.9738,37.9700,10.9,,1.6,,SURGU-DOGANSEHIR (MALATYA) İlksel
2026.01.02,10:03:40,39.0510,26.5115,8.8,,2.4,,MIDILLI ADASI (EGE DENIZI) İlksel
2026.01.02,10:38:08,39.1892,28.1398,13.2,,2.3,,ORMANICI-SINDIRGI (BALIKESIR) İlksel
2026.01.02,10:48:26,39.2852,28.9633,16.1,,1.3,,KARAKOCA-SIMAV (KUTAHYA) İlksel
2026.01.02,10:49:58,38.4587,38.0298,9.3,,1.5,,YUKARIORUKCU-AKCADAG (MALATYA) İlksel
2026.01.02,10:55:17,35.6813,25.4117,17.8,,2.3,,GIRIT ADASI (AKDENIZ) İlksel
2026.01.02,11:56:32,39.2543,28.0970,7.8,,3.8,3.6,KARAGUR-SINDIRGI (BALIKESIR) İlksel
2026.01.02,12:01:12,36.2247,33.6777,0.0,,0.8,,ISIKLI-SILIFKE (MERSIN) İlksel
2026.01.02,12:01:32,39.2165,28.0185,8.7,,1.4,,SAHINKAYA-SINDIRGI (BALIKESIR) İlksel
2026.01.02,12:37:48,38.7482,37.9945,19.7,,1.3,,IPEKYOLU-HEKIMHAN (MALATYA) İlksel
2026.01.02,12:47:41,36.9817,36.0733,15.7,,2.8,,YUKARIBURNAZ-ERZIN (HATAY) İlksel
2026.01.02,13:01:35,39.4257,28.8453,13.2,,1.6,,RESADIYE-DURSUNBEY (BALIKESIR) İlksel
2026.01.02,13:02:23,39.4117,28.7982,5.4,,1.7,,YASSIOREN-DURSUNBEY (BALIKESIR) İlksel
2026.01.02,13:04:09,38.0712,37.8717,21.6,,1.3,,ALTINTOP-DOGANSEHIR (MALATYA) İlksel
2026.01.02,13:06:11,39.1602,28.2750,11.5,,1.8,,ISIKLAR-SINDIRGI (BALIKESIR) İlksel
2026.01.02,13:53:27,39.2263,28.5288,4.5,,1.3,,MUMCUKOY-SINDIRGI (BALIKESIR) İlksel
2026.01.02,13:57:16,39.2637,29.0028,12.1,,1.5,,YESILDERE-SIMAV (KUTAHYA) İlksel
2026.01.02,13:59:18,36.2667,28.2517,53.1,,3.2,3.0,AKDENIZ İlksel
2026.01.02,14:10:08,39.3327,28.2482,14.3,,1.5,,TASKOY-SINDIRGI (BALIKESIR) İlksel
2026.01.02,14:16:25,40.4100,28.0692,5.4,,1.9,,BANDIRMA KORFEZI (MARMARA DENIZI) İlksel
2026.01.02,14:27:24,37.8980,36.5788,6.8,,1.5,,TEKIR-(KAHRAMANMARAS) İlksel
2026.01.02,14:33:17,38.3448,37.5150,27.6,,1.0,,YOGUNSOGUT-ELBISTAN (KAHRAMANMARAS) İlksel
2026.01.02,14:40:20,39.2233,28.1435,7.7,,1.4,,MANDIRA-SINDIRGI (BALIKESIR) İlksel
2026.01.02,14:48:22,39.2380,28.1615,14.4,,1.3,,SINDIRGI (BALIKESIR) İlksel
2026.01.02,14:57:44,40.3952,24.0327,5.4,,1.5,,YUNANISTAN İlksel
2026.01.02,14:58:30,35.5728,25.2940,49.2,,2.6,,GIRIT ADASI (AKDENIZ) İlksel
2026.01.02,15:03:37,38.0107,36.7517,16.4,,1.6,,YESILKOY-GOKSUN (KAHRAMANMARAS) İlksel
2026.01.02,15:05:58,40.8080,30.9790,16.8,,1.6,,ELMACIK-GUMUSOVA (DUZCE) İlksel
2026.01.02,15:10:12,39.2057,28.3945,19.3,,1.2,,CIKRIKCI-SINDIRGI (BALIKESIR) İlksel
2026.01.02,15:35:34,39.2540,28.0988,7.5,,1.2,,KARAGUR-SINDIRGI (BALIKESIR) İlksel
2026.01.02,15:38:21,39.7528,39.1462,6.2,,1.9,,AKTAS-KEMAH (ERZINCAN) İlksel
2026.01.02,15:39:08,39.3138,28.9803,5.0,,0.9,,YAVU-SIMAV (KUTAHYA) İlksel
2026.01.02,15:40:41,39.1557,28.9777,15.4,,1.2,,NASA-SIMAV (KUTAHYA) İlksel
2026.01.02,15:44:29,36.1527,33.5402,0.0,,0.7,,BUYUKECELI-GULNAR (MERSIN) İlksel
2026.01.02,15:47:12,38.2583,38.8630,3.2,,1.7,,CENGELLI-PUTURGE (MALATYA) İlksel
2026.01.02,15:48:03,38.2383,38.8208,8.4,,1.6,,ORMELI-PUTURGE (MALATYA) İlksel
2026.01.02,15:50:45,36.1885,33.5418,0.0,,0.8,,KOCASLI-GULNAR (MERSIN) İlksel
2026.01.02,16:18:21,39.1822,29.0275,3.7,,1.2,,KARACAOREN-SIMAV (KUTAHYA) İlksel
2026.01.02,16:42:48,39.2015,28.0568,8.3,,1.2,,SAHINKAYA-SINDIRGI (BALIKESIR) İlksel
2026.01.02,16:44:58,38.9948,29.7097,4.6,,2.9,,CUKUROREN-GEDIZ (KUTAHYA) İlksel
2026.01.02,17:10:49,41.8922,23.1805,8.3,,3.1,,BULGARISTAN İlksel
2026.01.02,17:12:43,39.1495,28.1580,9.1,,1.3,,SINANDEDE-SINDIRGI (BALIKESIR) İlksel
2026.01.02,17:14:14,39.2367,27.9915,5.0,,1.7,,HACET-KIRKAGAC (MANISA) İlksel
2026.01.02,17:35:07,39.1645,28.2190,8.1,,1.4,,AKTAS-SINDIRGI (BALIKESIR) İlksel
2026.01.02,18:06:15,39.2430,29.0487,8.2,,1.6,,KATRANDAGI-EMET (KUTAHYA) İlksel
2026.01.02,18:08:43,41.1057,28.9447,0.0,,0.8,,KAGITHANE (ISTANBUL) İlksel
2026.01.02,18:15:05,40.4732,29.1868,0.0,,1.7,,SAHINYURDU-GEMLIK (BURSA) İlksel
2026.01.02,18:37:29,38.7955,37.1632,7.6,,1.5,,DAVULHOYUK-GURUN (SIVAS) İlksel
2026.01.02,18:52:18,41.9657,23.0232,2.8,,3.3,,BULGARISTAN İlksel
2026.01.02,19:34:19,39.2468,29.0142,9.1,,1.0,,YEMISLI-SIMAV (KUTAHYA) İlksel
2026.01.02,19:35:32,39.2393,28.0915,15.0,,2.4,,KOZLU-SINDIRGI (BALIKESIR) İlksel
2026.01.02,19:37:52,39.2533,28.1132,10.3,,2.6,,KARAGUR-SINDIRGI (BALIKESIR) İlksel
2026.01.02,20:47:12,37.0818,28.5417,18.4,,1.1,,KIYRA-ULA (MUGLA) İlksel
2026.01.02,20:51:06,36.8742,27.4638,8.1,,1.2,,GOKOVA KORFEZI (EGE DENIZI) İlksel
2026.01.02,22:35:00,40.7775,27.9818,11.8,,2.2,,MARMARA DENIZI İlksel
2026.01.02,22:40:03,39.1673,28.3195,12.4,,1.4,,KUCUKDAGDERE-SINDIRGI (BALIKESIR) İlksel
2026.01.02,22:41:26,36.7558,33.6202,7.0,,1.6,,CUKURBAG-MUT (MERSIN) İlksel
2026.01.02,22:48:02,39.8813,28.6778,5.0,,1.7,,KARAKOY-MUSTAFAKEMALPASA (BURSA) İlksel
2026.01.02,22:58:58,39.1358,28.1775,22.8,,1.3,,AKTAS-SINDIRGI (BALIKESIR) İlksel
2026.01.03,00:09:49,39.1670,28.2672,9.1,,1.7,,ISIKLAR-SINDIRGI (BALIKESIR) İlksel
2026.01.03,00:33:19,39.2012,28.1793,10.3,,1.3,,YAYLACIK-SINDIRGI (BALIKESIR) İlksel
2026.01.03,00:44:40,39.2073,28.2770,9.2,,1.8,,ASLANDEDE-SINDIRGI (BALIKESIR) İlksel
2026.01.03,01:13:33,39.7872,26.8623,11.1,,1.5,,TOLUKLAR-BAYRAMIC (CANAKKALE) İlksel
2026.01.03,01:14:09,39.1628,28.2515,8.8,,2.2,,BAYRAKLI-SINDIRGI (BALIKESIR) İlksel
2026.01.03,01:24:32,39.1673,28.0580,18.7,,1.3,,SOGUTLU-AKHISAR (MANISA) İlksel
2026.01.03,01:34:34,37.8912,36.5230,5.1,,2.4,,DEGIRMENDERE-GOKSUN (KAHRAMANMARAS) İlksel
2026.01.03,01:39:00,37.5788,27.6508,4.7,,1.2,,CAVDAR-SOKE (AYDIN) İlksel
2026.01.03,01:56:34,39.3733,40.6015,4.4,,3.4,3.3,ELMALI-YEDISU (BINGOL) İlksel
2026.01.03,02:09:14,39.2567,28.9257,8.9,,1.3,,KARAKOCA-SIMAV (KUTAHYA) İlksel
2026.01.03,02:13:43,39.2452,28.9880,5.4,,2.6,,YEMISLI-SIMAV (KUTAHYA) İlksel
2026.01.03,02:22:29,39.0228,25.9755,7.8,,3.7,3.8,MIDILLI ADASI GUNEYI (EGE DENIZI) İlksel
2026.01.03,02:27:45,39.0053,25.9725,13.0,,2.1,,MIDILLI ADASI GUNEYI (EGE DENIZI) İlksel
2026.01.03,02:43:54,39.0100,26.0488,7.4,,2.1,,MIDILLI ADASI GUNEYI (EGE DENIZI) İlksel
2026.01.03,02:47:41,38.1055,37.2080,4.8,,1.6,,AKPINAR-EKINOZU (KAHRAMANMARAS) İlksel
2026.01.03,02:50:35,39.2267,29.0222,9.7,,2.0,,EGIRLER-SIMAV (KUTAHYA) İlksel
2026.01.03,03:06:38,37.9187,28.7707,2.4,,2.0,,TEKKEKOY-SARAYKOY (DENIZLI) İlksel
2026.01.03,03:20:20,38.1105,36.7025,9.6,,1.1,,KARAOMER-GOKSUN (KAHRAMANMARAS) İlksel
2026.01.03,03:28:55,37.9915,27.1797,7.5,,1.6,,KUSADASI KORFEZI (EGE DENIZI) İlksel
2026.01.03,03:33:56,39.2287,29.0030,10.4,,1.7,,YEMISLI-SIMAV (KUTAHYA) İlksel
2026.01.03,03:36:15,40.8407,28.3960,5.2,,1.9,,MARMARA DENIZI İlksel
2026.01.03,03:37:18,39.0250,25.8798,9.4,,2.2,,MIDILLI ADASI GUNEYI (EGE DENIZI) İlksel
2026.01.03,03:39:11,38.0470,37.3712,2.0,,1.4,,AGCASAR-NURHAK (KAHRAMANMARAS) İlksel
2026.01.03,03:44:48,39.0422,25.9780,7.5,,2.0,,MIDILLI ADASI GUNEYI (EGE DENIZI) İlksel
2026.01.03,03:46:19,38.3045,36.5503,6.4,,1.2,,DAYOLUK-SARIZ (KAYSERI) İlksel
2026.01.03,03:52:18,39.0125,25.9515,5.4,,2.2,,MIDILLI ADASI GUNEYI (EGE DENIZI) İlksel
2026.01.03,03:56:21,38.9923,25.9650,5.6,,2.2,,MIDILLI ADASI GUNEYI (EGE DENIZI) İlksel
2026.01.03,03:59:08,35.8855,25.5170,12.1,,1.9,,EGE DENIZI İlksel
2026.01.03,03:59:30,39.4003,28.8432,12.9,,1.1,,RESADIYE-DURSUNBEY (BALIKESIR) İlksel
2026.01.03,04:01:16,39.2270,27.9787,9.9,,1.2,,HACET-KIRKAGAC (MANISA) İlksel
2026.01.03,04:14:54,39.6642,40.3850,18.7,,1.5,,GOKTAS-TERCAN (ERZINCAN) İlksel
2026.01.03,04:18:35,37.1813,28.0908,3.0,,1.0,,CIRPI-(MUGLA) İlksel
2026.01.03,04:36:48,38.8463,37.8880,16.6,,1.0,,BEYKENT-HEKIMHAN (MALATYA) İlksel
2026.01.03,04:38:30,39.0330,25.7973,5.4,,2.0,,EGE DENIZI İlksel
2026.01.03,04:44:22,39.7373,26.8230,20.0,,1.7,,DAGOBA-BAYRAMIC (CANAKKALE) İlksel
2026.01.03,04:47:43,38.0072,36.4215,1.5,,2.3,,ACIELMA-GOKSUN (KAHRAMANMARAS) İlksel
2026.01.03,04:53:07,39.0215,25.9233,5.4,,1.9,,MIDILLI ADASI GUNEYI (EGE DENIZI) İlksel
2026.01.03,05:01:15,39.1770,28.1885,9.6,,2.2,,AKTAS-SINDIRGI (BALIKESIR) İlksel
2026.01.03,05:05:49,39.1843,28.1957,6.6,,3.1,,AKTAS-SINDIRGI (BALIKESIR) İlksel
2026.01.03,05:18:58,39.8992,25.8738,6.7,,2.7,,EGE DENIZI İlksel
2026.01.03,05:46:37,37.3415,37.1233,5.2,,1.1,,KARACAY-PAZARCIK (KAHRAMANMARAS) İlksel
2026.01.03,05:52:05,39.1898,28.2590,11.7,,1.3,,ISIKLAR-SINDIRGI (BALIKESIR) İlksel
2026.01.03,06:08:03,38.4407,38.0178,11.5,,1.1,,YUKARIORUKCU-AKCADAG (MALATYA) İlksel
2026.01.03,06:30:45,39.1875,28.1788,17.1,,1.1,,YAYLACIK-SINDIRGI (BALIKESIR) İlksel
2026.01.03,06:32:21,40.1862,31.7820,6.9,,2.0,,HIRKATEPE-BEYPAZARI (ANKARA) İlksel
2026.01.03,06:59:12,38.2588,38.8190,4.3,,1.6,,AKTARLI-PUTURGE (MALATYA) İlksel
2026.01.03,07:01:27,38.7717,37.9705,8.1,,1.2,,DUMLU-HEKIMHAN (MALATYA) İlksel
2026.01.03,07:08:09,39.5135,27.9775,10.4,,1.7,,ORHANLI-(BALIKESIR) İlksel
2026.01.03,07:20:21,36.3057,36.3060,6.1,,1.5,,SUVATLI-(HATAY) İlksel
2026.01.03,07:26:58,38.5178,31.7992,4.5,,1.2,,KUNDULLU-TUZLUKCU (KONYA) İlksel
2026.01.03,07:30:01,39.2777,28.0807,8.2,,1.5,,KUCUKBUKU-SINDIRGI (BALIKESIR) İlksel
2026.01.03,07:39:05,38.0848,37.5425,5.3,,1.4,,GOVDELI-DOGANSEHIR (MALATYA) İlksel
2026.01.03,07:44:25,37.0218,28.2388,7.1,,1.9,,GOKOVA KORFEZI (EGE DENIZI) İlksel
2026.01.03,07:49:52,39.2033,27.9257,17.9,,1.1,,DUALAR-KIRKAGAC (MANISA) İlksel
2026.01.03,08:18:45,38.9992,25.9447,5.2,,2.2,,MIDILLI ADASI GUNEYI (EGE DENIZI) İlksel
2026.01.03,08:38:26,39.2105,28.3025,5.1,,1.1,,ASLANDEDE-SINDIRGI (BALIKESIR) İlksel
2026.01.03,08:48:18,39.1905,28.1280,9.5,,1.7,,ORMANICI-SINDIRGI (BALIKESIR) İlksel
2026.01.03,08:53:14,39.0202,25.9110,10.7,,2.5,,MIDILLI ADASI GUNEYI (EGE DENIZI) İlksel
2026.01.03,08:57:38,37.6967,35.3015,8.4,,2.1,,YETIMLI-ALADAG (ADANA) İlksel
2026.01.03,08:59:23,39.7818,26.8462,15.6,,2.2,,TOLUKLAR-BAYRAMIC (CANAKKALE) İlksel
2026.01.03,09:18:11,39.1878,29.0733,11.1,,1.5,,KARACAOREN-SIMAV (KUTAHYA) İlksel
2026.01.03,09:42:08,36.3590,33.8452,0.0,,0.8,,BAHCEDERESI-SILIFKE (MERSIN) İlksel
2026.01.03,09:51:07,39.8822,33.4000,5.0,,1.1,,KILICLAR-YAHSIHAN (KIRIKKALE) İlksel
2026.01.03,10:26:34,38.1055,38.4708,7.7,,1.8,,KARAKOSE-SINCIK (ADIYAMAN) İlksel
2026.01.03,10:41:18,37.9898,36.3417,9.5,,1.6,,HUGTAS-GOKSUN (KAHRAMANMARAS) İlksel
2026.01.03,11:02:57,39.1265,28.3215,9.8,,1.3,,YUREGIL-SINDIRGI (BALIKESIR) İlksel
2026.01.03,11:06:16,39.1950,28.9703,13.2,,1.5,,EGIRLER-SIMAV (KUTAHYA) İlksel
2026.01.03,11:24:18,38.1508,36.9927,5.5,,1.8,,YAZIDERE-AFSIN (KAHRAMANMARAS) İlksel
2026.01.03,11:28:22,37.1298,28.6172,21.0,,1.5,,ARICILAR-ULA (MUGLA) İlksel
2026.01.03,11:49:14,39.1747,28.2360,16.0,,2.7,,BAYRAKLI-SINDIRGI (BALIKESIR) İlksel
2026.01.03,11:53:20,34.7257,32.5493,14.6,,2.5,,AKDENIZ İlksel
2026.01.03,12:20:19,39.2827,40.2775,5.0,,2.2,,AGACOVEN-KIGI (BINGOL) İlksel
2026.01.03,12:26:46,39.2873,30.4553,5.0,,1.4,,SALIHLER-SEYITGAZI (ESKISEHIR) İlksel
2026.01.03,12:33:50,39.9157,25.8990,5.4,,1.6,,EGE DENIZI İlksel
2026.01.03,13:01:27,39.0943,28.2615,13.6,,1.4,,YUREGIL-SINDIRGI (BALIKESIR) İlksel
2026.01.03,13:06:11,39.2147,28.2178,7.0,,1.3,,ILICA-SINDIRGI (BALIKESIR) İlksel
2026.01.03,13:22:12,37.9970,32.8432,12.0,,1.2,,ZENCIRLI-KARATAY (KONYA) İlksel
2026.01.03,13:30:50,37.9517,29.0232,11.3,,1.8,,ADAKOY-SARAYKOY (DENIZLI) İlksel
2026.01.03,13:54:49,39.0215,25.9540,5.0,,2.5,,MIDILLI ADASI GUNEYI (EGE DENIZI) İlksel
2026.01.03,14:55:28,39.9208,25.9225,6.8,,2.1,,EGE DENIZI İlksel
2026.01.03,15:07:00,38.9965,25.9112,5.1,,2.8,,MIDILLI ADASI GUNEYI (EGE DENIZI) İlksel
2026.01.03,15:19:58,38.1372,38.5520,9.4,,1.4,,GECITLI-SINCIK (ADIYAMAN) İlksel
2026.01.03,15:41:07,38.6703,38.0453,11.9,,1.2,,ALICAN-YAZIHAN (MALATYA) İlksel
2026.01.03,17:08:35,39.1457,28.1523,9.4,,2.0,,SINANDEDE-SINDIRGI (BALIKESIR) İlksel
2026.01.03,17:22:55,39.4115,24.2118,16.7,,3.3,3.3,EGE DENIZI İlksel
2026.01.03,18:06:12,39.9280,25.8690,5.0,,1.5,,EGE DENIZI İlksel
2026.01.03,18:27:28,38.7472,41.6612,5.0,,3.3,3.2,TABANLI-(MUS) İlksel
2026.01.03,18:35:40,38.1022,38.3403,8.1,,2.0,,TASDAMLAR-CELIKHAN (ADIYAMAN) İlksel
2026.01.03,18:48:36,36.8280,32.8825,3.6,,1.5,,BALKUSAN-ERMENEK (KARAMAN) İlksel
2026.01.03,18:50:59,39.7262,26.8927,8.5,,1.9,,DAGOBA-BAYRAMIC (CANAKKALE) İlksel
2026.01.03,19:20:29,39.1645,28.9138,18.9,,1.6,,GUNEY-SIMAV (KUTAHYA) İlksel
2026.01.03,19:39:14,38.3233,38.8933,7.3,,1.5,,UZUNHUSEYIN-KALE (MALATYA) İlksel
2026.01.03,20:02:35,36.1525,29.5518,53.4,,2.3,,YENIKOY-KAS (ANTALYA) İlksel
2026.01.03,20:26:25,38.0920,38.4280,9.7,,2.4,,KARAGOL-CELIKHAN (ADIYAMAN) İlksel
2026.01.03,20:27:25,38.4020,38.9150,4.8,,4.7,4.5,YAYLANLI-BASKIL (ELAZIG) İlksel
2026.01.03,20:39:18,38.4220,38.9490,15.7,,1.7,,SARITAS-BASKIL (ELAZIG) İlksel
2026.01.03,20:43:13,38.4028,38.9153,1.6,,2.3,,HACIHUSEYINLER-BASKIL (ELAZIG) İlksel
2026.01.03,20:50:02,39.0337,25.8953,10.9,,2.4,,MIDILLI ADASI GUNEYI (EGE DENIZI) İlksel
2026.01.03,20:53:43,38.4105,38.9118,5.0,,3.3,3.4,HACIHUSEYINLER-BASKIL (ELAZIG) İlksel
2026.01.03,20:58:27,40.8125,29.3088,25.9,,1.5,,TUZLA (ISTANBUL) İlksel
2026.01.03,22:17:02,39.1802,28.2717,10.5,,1.5,,ISIKLAR-SINDIRGI (BALIKESIR) İlksel
2026.01.03,23:44:13,38.2683,37.6223,2.7,,1.8,,TOPALLI-ELBISTAN (KAHRAMANMARAS) İlksel
2026.01.04,00:12:05,38.3693,38.7597,1.5,,1.5,,TEPEKOY-KALE (MALATYA) İlksel
2026.01.04,01:26:44,35.1103,24.6153,11.4,,3.1,,GIRIT ADASI ACIKLARI (AKDENIZ) İlksel
2026.01.04,01:40:24,37.9672,38.1465,4.4,,1.6,,KURUCAOVA-DOGANSEHIR (MALATYA) İlksel
2026.01.04,01:46:09,39.0870,28.3047,10.5,,1.4,,YUREGIL-SINDIRGI (BALIKESIR) İlksel
2026.01.04,01:47:46,40.7187,31.7995,8.8,,1.3,,KOLKOY-(BOLU) İlksel
2026.01.04,02:03:07,39.1255,28.2627,14.8,,1.2,,YUREGIL-SINDIRGI (BALIKESIR) İlksel
2026.01.04,02:07:38,38.4502,31.8993,5.5,,1.5,,TEKELER-ILGIN (KONYA) İlksel
2026.01.04,02:10:32,39.6830,38.6970,5.0,,1.8,,GULBAHCE-KEMAH (ERZINCAN) İlksel
2026.01.04,02:11:55,40.7618,31.5605,6.7,,1.4,,PIRAHMETLER-(BOLU) İlksel
2026.01.04,02:20:09,38.0292,36.5278,5.0,,2.8,,HACIMIRZA-GOKSUN (KAHRAMANMARAS) İlksel
2026.01.04,02:24:29,38.2397,38.2277,2.3,,2.0,,KADIRUSAGI-YESILYURT (MALATYA) İlksel
2026.01.04,02:30:10,38.1603,36.5405,7.8,,1.7,,KOMURKOY-GOKSUN (KAHRAMANMARAS) İlksel
2026.01.04,02:33:37,39.0288,25.8748,12.9,,2.2,,MIDILLI ADASI GUNEYI (EGE DENIZI) İlksel
2026.01.04,02:49:46,38.1987,36.6068,15.1,,1.2,,KAVSUT-GOKSUN (KAHRAMANMARAS) İlksel
2026.01.04,03:41:44,39.0505,25.8617,5.2,,2.3,,MIDILLI ADASI GUNEYI (EGE DENIZI) İlksel
2026.01.04,03:49:17,39.1668,28.1900,13.3,,1.4,,AKTAS-SINDIRGI (BALIKESIR) İlksel
2026.01.04,04:45:29,37.8562,26.8708,9.8,,2.1,,KUSADASI KORFEZI (EGE DENIZI) İlksel
2026.01.04,04:47:15,37.8403,26.8843,7.8,,2.2,,SISAM ADASI (EGE DENIZI) İlksel
2026.01.04,04:59:49,39.2537,28.1533,13.3,,1.4,,SINDIRGI (BALIKESIR) İlksel
2026.01.04,05:06:58,39.1602,28.2440,14.4,,2.4,,BAYRAKLI-SINDIRGI (BALIKESIR) İlksel
2026.01.04,05:09:15,40.6480,29.1342,5.3,,2.0,,CINARCIK (YALOVA) İlksel
2026.01.04,05:13:34,39.1347,28.2932,9.4,,1.2,,YUREGIL-SINDIRGI (BALIKESIR) İlksel
2026.01.04,05:27:15,37.1375,36.7418,5.6,,1.2,,GOZLUHUYUK-NURDAGI (GAZIANTEP) İlksel
2026.01.04,05:42:21,39.2172,28.0947,10.3,,1.6,,KERTIL-SINDIRGI (BALIKESIR) İlksel
2026.01.04,05:44:33,39.9735,39.6283,8.1,,1.8,,OGUZ-KELKIT (GUMUSHANE) İlksel
2026.01.04,06:34:16,37.5733,27.1937,8.2,,1.9,,DOGANBEY-SOKE (AYDIN) İlksel
2026.01.04,06:52:48,39.0298,25.9487,5.4,,2.1,,MIDILLI ADASI GUNEYI (EGE DENIZI) İlksel
2026.01.04,07:07:38,38.0252,37.6812,5.0,,3.4,3.3,KUCUKLU-DOGANSEHIR (MALATYA) İlksel
2026.01.04,07:13:48,39.2412,28.0797,12.8,,1.7,,KOZLU-SINDIRGI (BALIKESIR) İlksel
2026.01.04,07:43:47,39.0042,25.8952,4.7,,2.9,,MIDILLI ADASI GUNEYI (EGE DENIZI) İlksel
2026.01.04,07:50:20,37.5280,27.1465,4.7,,1.9,,AKKOY ACIKLARI-AYDIN (EGE DENIZI) İlksel
2026.01.04,08:00:53,37.8955,28.7770,10.1,,2.0,,TIRKAZ-SARAYKOY (DENIZLI) İlksel
2026.01.04,08:04:46,39.1098,28.2717,14.3,,1.8,,YUREGIL-SINDIRGI (BALIKESIR) İlksel
2026.01.04,08:08:47,36.9825,29.1105,19.9,,1.9,,AKPINAR-CAMELI (DENIZLI) İlksel
2026.01.04,08:12:46,38.8597,38.6920,20.0,,1.1,,KOPUZLU-KEBAN (ELAZIG) İlksel
2026.01.04,08:23:06,35.1490,26.5742,11.5,,2.6,,GIRIT ADASI (AKDENIZ) İlksel
2026.01.04,08:24:48,38.2577,38.7590,3.6,,1.3,,BALPINARI-PUTURGE (MALATYA) İlksel
2026.01.04,08:39:17,39.7430,43.6193,21.7,,2.1,,BEZIRHANE-DOGUBAYAZIT (AGRI) İlksel
2026.01.04,08:42:45,38.9010,38.6545,7.6,,1.5,,DEMIRCARIK-AGIN (ELAZIG) İlksel
2026.01.04,08:49:54,39.2295,28.0708,9.1,,1.6,,ALAKIR-SINDIRGI (BALIKESIR) İlksel
2026.01.04,09:11:14,38.2232,38.0555,0.0,,1.8,,ISIKLI-YESILYURT (MALATYA) İlksel
2026.01.04,09:44:38,38.2908,38.1013,0.0,,0.9,,GORGU-YESILYURT (MALATYA) İlksel
2026.01.04,09:53:43,39.1767,28.2222,10.5,,1.8,,AKTAS-SINDIRGI (BALIKESIR) İlksel
2026.01.04,09:57:15,38.2315,38.2370,8.2,,1.3,,KADIRUSAGI-YESILYURT (MALATYA) İlksel
2026.01.04,10:11:33,40.2832,29.2257,0.0,,2.3,,DISKAYA-GURSU (BURSA) İlksel
2026.01.04,10:18:54,38.8107,43.5593,5.0,,2.5,,AKCIFT-(VAN) İlksel
2026.01.04,10:27:23,39.0937,28.4632,8.6,,1.4,,BEGENLER-GORDES (MANISA) İlksel
2026.01.04,10:31:29,39.1490,28.2712,10.9,,1.3,,YUREGIL-SINDIRGI (BALIKESIR) İlksel
2026.01.04,11:15:16,39.9090,33.2043,0.0,,1.5,,ELMADAG (ANKARA) İlksel
2026.01.04,12:12:58,39.2385,29.0122,10.1,,2.0,,YEMISLI-SIMAV (KUTAHYA) İlksel
2026.01.04,12:23:10,38.4153,38.9505,18.0,,1.3,,SARITAS-BASKIL (ELAZIG) İlksel
2026.01.04,12:27:59,39.6922,38.7620,6.8,,1.8,,KARACA-KEMAH (ERZINCAN) İlksel
2026.01.04,12:38:08,39.1250,28.2548,11.5,,2.1,,YUREGIL-SINDIRGI (BALIKESIR) İlksel
2026.01.04,12:41:26,38.7995,41.8162,5.0,,1.6,,TANKOY-KORKUT (MUS) İlksel
2026.01.04,12:45:49,38.4130,38.9273,3.7,,1.6,,HACIHUSEYINLER-BASKIL (ELAZIG) İlksel
2026.01.04,13:44:10,39.1998,27.9350,17.0,,2.0,,DUALAR-KIRKAGAC (MANISA) İlksel
2026.01.04,13:51:05,38.8992,38.6690,4.6,,2.3,,DEMIRCARIK-AGIN (ELAZIG) İlksel
2026.01.04,14:13:21,38.0588,36.9010,5.2,,2.0,,ERICEK-GOKSUN (KAHRAMANMARAS) İlksel
2026.01.04,14:18:22,39.1327,28.2593,13.7,,1.9,,YUREGIL-SINDIRGI (BALIKESIR) İlksel
2026.01.04,15:11:30,39.2230,28.1385,15.0,,1.8,,MANDIRA-SINDIRGI (BALIKESIR) İlksel
2026.01.04,15:23:40,37.8515,36.1223,7.2,,1.6,,DEGIRMENCIUSAGI-SAIMBEYLI (ADANA) İlksel
2026.01.04,15:29:30,38.0375,36.5665,5.0,,2.5,,YANTEPE-GOKSUN (KAHRAMANMARAS) İlksel
2026.01.04,15:59:04,38.6197,40.4457,13.9,,1.4,,ECEMIS-LICE (DIYARBAKIR) İlksel
2026.01.04,16:12:46,39.2552,27.9802,7.4,,1.5,,EGRIDERE-SINDIRGI (BALIKESIR) İlksel
2026.01.04,16:27:16,38.0382,36.3103,5.0,,1.9,,KIRAZLIYURT-TUFANBEYLI (ADANA) İlksel
2026.01.04,16:42:47,39.4627,26.3692,9.4,,2.2,,EDREMIT KORFEZI (EGE DENIZI) İlksel
2026.01.04,17:01:29,39.1653,28.1270,14.7,,1.8,,SINANDEDE-SINDIRGI (BALIKESIR) İlksel
2026.01.04,17:06:02,39.0435,25.9353,5.6,,3.1,3.2,MIDILLI ADASI GUNEYI (EGE DENIZI) İlksel
2026.01.04,17:23:47,38.1995,38.0278,0.0,,1.3,,GOZENE-YESILYURT (MALATYA) İlksel
2026.01.04,17:50:42,39.2772,39.9180,8.0,,1.9,,YAYIKAGIL-NAZIMIYE (TUNCELI) İlksel
2026.01.04,17:51:49,37.4888,37.3428,3.3,,2.3,,ULUBAHCE-PAZARCIK (KAHRAMANMARAS) İlksel
2026.01.04,18:07:55,39.1733,27.9698,11.7,,1.6,,AKKOCALI-AKHISAR (MANISA) İlksel
2026.01.04,18:12:04,38.2442,38.7305,12.1,,1.3,,BALPINARI-PUTURGE (MALATYA) İlksel
2026.01.04,18:48:40,39.0307,25.9518,9.0,,2.0,,MIDILLI ADASI GUNEYI (EGE DENIZI) İlksel
2026.01.04,19:06:12,39.2377,28.0918,15.6,,1.3,,KOZLU-SINDIRGI (BALIKESIR) İlksel
2026.01.04,19:25:45,39.0722,28.1013,3.3,,1.2,,HANPASA-AKHISAR (MANISA) İlksel
2026.01.04,19:43:44,40.0602,26.5398,4.6,,1.6,,CIFTLIKDERE-(CANAKKALE) İlksel
2026.01.04,19:44:16,38.5778,39.4658,7.4,,1.8,,KOCKALE-(ELAZIG) İlksel
2026.01.04,19:54:51,38.5987,39.5207,5.8,,1.6,,KORUCU-(ELAZIG) İlksel
2026.01.04,20:17:30,39.6917,39.6263,10.5,,1.2,,SAZTEPE-(ERZINCAN) İlksel
2026.01.04,20:26:15,39.0570,28.3670,2.6,,1.4,,DARGIL-GORDES (MANISA) İlksel
2026.01.04,21:03:40,39.1800,28.1767,9.9,,2.5,,SINANDEDE-SINDIRGI (BALIKESIR) İlksel
2026.01.04,21:08:11,39.2440,28.1447,6.8,,1.6,,MANDIRA-SINDIRGI (BALIKESIR) İlksel
2026.01.04,21:13:48,38.1035,37.1097,5.4,,1.4,,ORTAOREN-EKINOZU (KAHRAMANMARAS) İlksel
2026.01.04,21:14:32,38.1100,37.1507,3.3,,1.6,,GUPLUCE-ELBISTAN (KAHRAMANMARAS) İlksel
2026.01.04,21:36:15,39.0267,25.9150,8.2,,2.4,,MIDILLI ADASI GUNEYI (EGE DENIZI) İlksel
2026.01.04,21:52:51,39.7815,26.8515,20.1,,1.5,,TOLUKLAR-BAYRAMIC (CANAKKALE) İlksel
2026.01.04,22:11:23,39.3420,27.9713,15.6,,1.4,,AKCAKISRAK-SINDIRGI (BALIKESIR) İlksel
2026.01.04,23:09:48,39.2615,29.0005,3.6,,2.5,,YESILDERE-SIMAV (KUTAHYA) İlksel
2026.01.04,23:13:27,39.2555,29.0247,10.4,,2.0,,KATRANDAGI-EMET (KUTAHYA) İlksel
2026.01.04,23:18:32,37.5805,37.0635,13.3,,1.1,,YUSUFHACILI-(KAHRAMANMARAS) İlksel
2026.01.04,23:21:50,35.6805,25.8613,22.1,,2.1,,EGE DENIZI İlksel
2026.01.04,23:44:42,40.8922,31.6782,2.2,,1.5,,MESCICELE-(BOLU) İlksel
2026.01.04,23:48:19,39.2522,29.0213,14.5,,1.3,,KATRANDAGI-EMET (KUTAHYA) İlksel
2026.01.04,23:51:20,36.6990,29.3300,5.8,,3.1,3.1,ATLIDERE-FETHIYE (MUGLA) İlksel
2026.01.04,23:54:03,39.1990,28.2007,8.5,,1.5,,YAYLACIK-SINDIRGI (BALIKESIR) İlksel
2026.01.05,00:31:05,39.2853,29.0035,12.7,,0.8,,YESILDERE-SIMAV (KUTAHYA) İlksel
2026.01.05,01:05:23,39.4055,28.4580,7.5,,2.2,,YUKARIGOCEK-BIGADIC (BALIKESIR) İlksel
2026.01.05,01:19:49,39.2258,28.1620,5.2,,1.6,,MANDIRA-SINDIRGI (BALIKESIR) İlksel
2026.01.05,01:25:11,37.1195,28.3342,11.1,,1.3,,DOGAN-(MUGLA) İlksel
2026.01.05,01:33:54,38.1027,37.0627,5.0,,1.5,,SOYSALLI-EKINOZU (KAHRAMANMARAS) İlksel
2026.01.05,01:37:14,38.2425,38.5530,21.5,,1.5,,GULUMUSAGI-(MALATYA) İlksel
2026.01.05,01:48:58,39.9002,25.8553,6.6,,2.5,,EGE DENIZI İlksel
2026.01.05,01:50:14,36.7018,25.5978,18.9,,3.2,,EGE DENIZI İlksel
2026.01.05,01:50:33,36.6127,25.6835,5.2,,3.1,,EGE DENIZI İlksel
2026.01.05,01:55:05,39.2820,29.1665,5.4,,1.7,,GONCEK-EMET (KUTAHYA) İlksel
2026.01.05,02:10:23,39.0165,25.9318,5.4,,2.2,,MIDILLI ADASI GUNEYI (EGE DENIZI) İlksel
2026.01.05,02:42:17,39.2072,28.1027,10.1,,1.2,,KERTIL-SINDIRGI (BALIKESIR) İlksel
2026.01.05,03:04:16,39.0620,25.8672,5.4,,2.2,,MIDILLI ADASI GUNEYI (EGE DENIZI) İlksel
2026.01.05,03:04:38,38.8645,25.8897,9.9,,2.2,,EGE DENIZI İlksel
2026.01.05,03:45:31,38.7390,37.8138,2.3,,1.1,,KOMUKLU-KULUNCAK (MALATYA) İlksel
2026.01.05,03:51:05,36.9598,38.3820,5.0,,2.1,,UYSALLI-SURUC (SANLIURFA) İlksel
2026.01.05,03:55:23,38.7410,37.9677,8.9,,1.2,,IPEKYOLU-HEKIMHAN (MALATYA) İlksel
2026.01.05,04:58:59,37.8992,27.3408,3.1,,1.7,,SULTANIYE-SELCUK (IZMIR) İlksel
2026.01.05,05:15:31,40.2963,24.1055,15.0,,2.7,,YUNANISTAN İlksel
2026.01.05,05:26:16,39.0297,25.8813,3.2,,2.1,,MIDILLI ADASI GUNEYI (EGE DENIZI) İlksel
2026.01.05,05:28:17,40.2727,24.0845,11.0,,2.0,,YUNANISTAN İlksel
2026.01.05,05:50:00,39.2065,28.0185,10.7,,1.9,,SAHINKAYA-SINDIRGI (BALIKESIR) İlksel
2026.01.05,06:23:11,38.2528,38.8003,5.4,,1.0,,KARSIYAKA-PUTURGE (MALATYA) İlksel
2026.01.05,06:30:00,38.7792,41.8665,9.7,,1.4,,TANKOY-KORKUT (MUS) İlksel
2026.01.05,06:45:23,37.2908,36.3098,4.5,,1.4,,PIRSULTANLI-DUZICI (OSMANIYE) İlksel
2026.01.05,06:55:40,39.8655,25.9185,3.7,,1.4,,EGE DENIZI İlksel
2026.01.05,07:19:16,39.0103,25.9278,15.2,,2.8,,MIDILLI ADASI GUNEYI (EGE DENIZI) İlksel
2026.01.05,07:24:46,38.1505,27.3728,7.3,,2.3,,TORBALI (IZMIR) İlksel
2026.01.05,08:01:32,38.8652,37.8792,5.4,,1.4,,BEYKENT-HEKIMHAN (MALATYA) İlksel
2026.01.05,08:14:42,38.4678,38.0528,4.6,,2.8,,ILICAK-AKCADAG (MALATYA) İlksel
2026.01.05,08:17:10,38.4452,38.0287,14.7,,1.3,,YUKARIORUKCU-AKCADAG (MALATYA) İlksel
2026.01.05,08:20:21,36.9618,27.3092,10.8,,1.6,,AKYARLAR-BODRUM (MUGLA) İlksel
2026.01.05,08:22:33,38.4702,38.0732,6.2,,1.3,,ILICAK-AKCADAG (MALATYA) İlksel
2026.01.05,08:27:39,39.1547,28.1940,14.0,,1.2,,AKTAS-SINDIRGI (BALIKESIR) İlksel
2026.01.05,08:42:35,39.1462,28.2383,11.0,,2.3,,BAYRAKLI-SINDIRGI (BALIKESIR) İlksel
2026.01.05,08:55:11,39.3062,41.0618,8.8,,1.3,,KARGAPAZARI-KARLIOVA (BINGOL) İlksel
2026.01.05,09:01:44,39.7822,26.8538,7.3,,2.4,,TOLUKLAR-BAYRAMIC (CANAKKALE) İlksel
2026.01.05,09:16:18,38.4273,27.0953,9.2,,2.3,,IZMIR KORFEZI (EGE DENIZI) İlksel
2026.01.05,10:17:07,39.1470,28.2345,16.2,,1.5,,BAYRAKLI-SINDIRGI (BALIKESIR) İlksel
2026.01.05,10:22:30,39.0043,25.9122,12.5,,2.0,,MIDILLI ADASI GUNEYI (EGE DENIZI) İlksel
2026.01.05,11:07:20,38.3633,37.4300,13.6,,1.7,,YALINTAS-ELBISTAN (KAHRAMANMARAS) İlksel
2026.01.05,11:11:45,39.3218,41.0332,4.9,,1.6,,KARLIOVA (BINGOL) İlksel
2026.01.05,11:22:05,39.0100,25.9562,10.1,,2.1,,MIDILLI ADASI GUNEYI (EGE DENIZI) İlksel
2026.01.05,11:35:31,39.1537,28.2253,12.9,,1.6,,BAYRAKLI-SINDIRGI (BALIKESIR) İlksel
2026.01.05,11:36:31,35.6457,31.7258,9.0,,2.4,,AKDENIZ İlksel
2026.01.05,11:44:14,39.9892,37.5205,7.5,,1.4,,AKOREN-ZARA (SIVAS) İlksel
2026.01.05,12:17:39,36.2743,33.6780,0.0,,1.0,,ISIKLI-SILIFKE (MERSIN) İlksel
2026.01.05,12:30:30,39.3770,27.7553,9.3,,1.5,,DIKMELER-SAVASTEPE (BALIKESIR) İlksel
2026.01.05,12:51:13,38.6852,37.2975,4.2,,1.9,,KARAHISAR-GURUN (SIVAS) İlksel
2026.01.05,12:52:15,39.1527,28.1412,11.7,,2.3,,SINANDEDE-SINDIRGI (BALIKESIR) İlksel
2026.01.05,12:55:27,39.1525,28.2587,9.4,,2.5,,BAYRAKLI-SINDIRGI (BALIKESIR) İlksel
2026.01.05,13:23:26,39.0115,25.9415,12.0,,2.0,,MIDILLI ADASI GUNEYI (EGE DENIZI) İlksel
2026.01.05,13:27:22,39.0133,25.9460,13.7,,2.4,,MIDILLI ADASI GUNEYI (EGE DENIZI) İlksel
2026.01.05,13:29:19,39.0210,25.9463,16.6,,2.1,,MIDILLI ADASI GUNEYI (EGE DENIZI) İlksel
2026.01.05,13:40:54,39.1863,28.0982,9.8,,2.0,,KERTIL-SINDIRGI (BALIKESIR) İlksel
2026.01.05,14:30:55,38.5620,40.4057,11.2,,2.0,,YELKAYA-GENC (BINGOL) İlksel
2026.01.05,16:01:49,39.1882,28.2440,12.9,,1.7,,ILICA-SINDIRGI (BALIKESIR) İlksel
2026.01.05,16:11:37,39.4763,37.4028,7.6,,1.8,,KAPUKAYA-ULAS (SIVAS) İlksel
2026.01.05,16:57:14,40.1820,31.7545,3.1,,2.5,,HIRKATEPE-BEYPAZARI (ANKARA) İlksel
2026.01.05,17:12:55,39.2527,28.9720,16.6,,1.2,,YEMISLI-SIMAV (KUTAHYA) İlksel
2026.01.05,17:21:51,39.0447,25.9612,9.0,,2.7,,MIDILLI ADASI GUNEYI (EGE DENIZI) İlksel
2026.01.05,17:24:59,39.2378,28.9948,16.8,,1.0,,YEMISLI-SIMAV (KUTAHYA) İlksel
2026.01.05,17:37:50,38.2730,38.3255,12.7,,0.8,,KARAGOZ-(MALATYA) İlksel
2026.01.05,17:39:05,38.5830,38.4180,11.8,,1.2,,BILALUSAGI-BASKIL (ELAZIG) İlksel
2026.01.05,17:48:21,38.7892,37.9482,22.3,,1.2,,HEKIMHAN (MALATYA) İlksel
2026.01.05,17:59:59,38.3353,38.9425,5.0,,1.8,,KARAHUSEYIN-KALE (MALATYA) İlksel
2026.01.05,18:06:12,39.2665,28.9657,9.0,,1.3,,KARAKOCA-SIMAV (KUTAHYA) İlksel
2026.01.05,18:47:34,38.5665,39.1088,12.3,,1.1,,TOHUMLU-(ELAZIG) İlksel
2026.01.05,18:47:53,39.0225,25.9380,5.5,,2.5,,MIDILLI ADASI GUNEYI (EGE DENIZI) İlksel
2026.01.05,19:18:38,38.3953,25.2937,6.1,,2.8,,EGE DENIZI İlksel
2026.01.05,19:28:59,40.0110,32.2780,3.0,,1.6,,UGURCAYIRI-AYAS (ANKARA) İlksel
2026.01.05,19:55:54,38.1227,37.0477,2.0,,1.9,,CALIS-ELBISTAN (KAHRAMANMARAS) İlksel
2026.01.05,19:57:14,40.8653,28.0620,19.5,,1.4,,MARMARA DENIZI İlksel
2026.01.05,20:26:14,39.2328,29.0112,10.9,,1.7,,YEMISLI-SIMAV (KUTAHYA) İlksel
2026.01.05,20:35:54,39.2397,28.1607,7.7,,1.3,,SINDIRGI (BALIKESIR) İlksel
2026.01.05,20:41:40,37.7257,36.6043,8.3,,2.6,,CINARPINAR-(KAHRAMANMARAS) İlksel
2026.01.05,20:42:13,39.1638,28.3030,18.6,,1.2,,KUCUKDAGDERE-SINDIRGI (BALIKESIR) İlksel
2026.01.05,20:55:02,41.0940,40.0740,4.9,,1.6,,YALIBOYU-ARAKLI (TRABZON) İlksel
2026.01.05,21:02:44,39.2528,29.0095,9.9,,1.4,,YESILDERE-SIMAV (KUTAHYA) İlksel
2026.01.05,21:08:36,38.9967,25.8812,1.4,,2.2,,MIDILLI ADASI GUNEYI (EGE DENIZI) İlksel
2026.01.05,21:11:03,39.2485,28.0387,8.2,,1.8,,KIZILGUR-SINDIRGI (BALIKESIR) İlksel
2026.01.05,21:31:19,39.2052,28.1672,10.8,,1.6,,YAYLACIK-SINDIRGI (BALIKESIR) İlksel
2026.01.05,21:34:04,37.7160,35.9283,6.4,,1.5,,UGURLUBAG-FEKE (ADANA) İlksel
2026.01.05,22:00:24,39.3292,25.6807,8.4,,2.1,,EGE DENIZI İlksel
2026.01.05,22:37:40,38.1875,38.0448,11.7,,0.9,,GOZENE-YESILYURT (MALATYA) İlksel
2026.01.05,22:43:39,36.3578,43.6530,2.6,,2.7,,IRAK İlksel
2026.01.05,22:56:45,37.4665,37.0358,2.9,,2.4,,KAPICAM-(KAHRAMANMARAS) İlksel
2026.01.05,23:15:32,40.8000,31.5408,11.9,,1.0,,KIZILAGIL-(BOLU) İlksel
2026.01.05,23:35:58,40.6775,27.5400,9.9,,1.6,,MARMARA DENIZI İlksel
2026.01.06,00:33:24,38.6413,43.1588,5.5,,2.9,,MOLLAKASIM-(VAN) İlksel
2026.01.06,00:35:37,38.1152,36.9173,2.7,,1.6,,KEMALPASA-GOKSUN (KAHRAMANMARAS) İlksel
2026.01.06,00:37:03,36.9403,27.6173,7.8,,2.1,,GOKOVA KORFEZI (EGE DENIZI) İlksel
2026.01.06,00:53:35,39.1573,28.1583,13.1,,2.0,,SINANDEDE-SINDIRGI (BALIKESIR) İlksel
2026.01.06,00:55:41,39.2280,28.1597,8.2,,1.3,,MANDIRA-SINDIRGI (BALIKESIR) İlksel
2026.01.06,01:02:37,39.7930,26.8257,16.6,,0.8,,TOLUKLAR-BAYRAMIC (CANAKKALE) İlksel
2026.01.06,01:20:12,38.6367,43.1702,5.0,,1.9,,MOLLAKASIM-(VAN) İlksel
2026.01.06,01:35:21,37.7580,27.6933,10.0,,2.4,,BUYUKDERE-KOCARLI (AYDIN) İlksel
2026.01.06,02:04:00,39.1640,28.2873,8.0,,2.0,,ISIKLAR-SINDIRGI (BALIKESIR) İlksel
2026.01.06,02:11:55,40.8255,31.5975,18.2,,1.2,,KOZLU-(BOLU) İlksel
2026.01.06,02:15:08,39.5788,25.9480,10.6,,1.3,,GULPINAR ACIKLARI-CANAKKALE (EGE DENIZI) İlksel
2026.01.06,02:22:15,38.0525,36.5507,5.3,,1.8,,ORTATEPE-GOKSUN (KAHRAMANMARAS) İlksel
2026.01.06,02:37:39,38.1888,38.4428,4.3,,1.4,,GULUMUSAGI-(MALATYA) İlksel
2026.01.06,02:56:11,39.2327,29.0243,11.9,,1.7,,YEMISLI-SIMAV (KUTAHYA) İlksel
2026.01.06,02:56:39,38.1967,38.5588,15.4,,1.3,,ULUKOY-(MALATYA) İlksel
2026.01.06,03:15:24,39.2693,28.1418,17.6,,1.1,,IBILLER-SINDIRGI (BALIKESIR) İlksel
2026.01.06,03:28:52,38.9968,28.0095,11.7,,1.1,,PEKMEZCI-AKHISAR (MANISA) İlksel
2026.01.06,03:39:11,38.0947,38.4565,7.4,,1.0,,KARAKOSE-SINCIK (ADIYAMAN) İlksel
2026.01.06,04:33:13,37.7318,36.5703,7.1,,1.7,,AKGUMUS-ANDIRIN (KAHRAMANMARAS) İlksel
2026.01.06,04:36:52,39.1995,27.9875,12.0,,1.6,,AKKOCALI-AKHISAR (MANISA) İlksel
2026.01.06,05:14:53,40.8675,35.9700,7.3,,2.0,,SOGANLI-LADIK (SAMSUN) İlksel
2026.01.06,05:34:35,38.7398,33.5692,14.3,,1.5,,KARAMOLLAUSAGI-SEREFLIKOCHISAR (ANKARA) İlksel
2026.01.06,06:05:17,39.0715,25.6773,7.7,,2.4,,EGE DENIZI İlksel
2026.01.06,06:06:31,37.6782,35.8192,16.7,,1.6,,CAMDERE-KOZAN (ADANA) İlksel
2026.01.06,06:14:17,39.2052,28.0275,7.8,,1.1,,SAHINKAYA-SINDIRGI (BALIKESIR) İlksel
2026.01.06,06:30:35,38.6918,43.1102,7.6,,1.7,,MOLLAKASIM-(VAN) İlksel
2026.01.06,06:38:15,39.2105,28.1202,7.8,,1.3,,KERTIL-SINDIRGI (BALIKESIR) İlksel
2026.01.06,06:53:32,39.2462,29.0143,8.5,,1.5,,YEMISLI-SIMAV (KUTAHYA) İlksel
2026.01.06,06:57:25,36.9432,27.7570,17.1,,2.0,,GOKOVA KORFEZI (EGE DENIZI) İlksel
2026.01.06,07:00:00,36.9813,27.7267,3.5,,1.2,,GOKOVA KORFEZI (EGE DENIZI) İlksel
2026.01.06,07:06:12,39.7848,26.8400,18.3,,1.6,,TOLUKLAR-BAYRAMIC (CANAKKALE) İlksel
2026.01.06,07:39:15,39.2495,29.0095,9.5,,1.6,,YEMISLI-SIMAV (KUTAHYA) İlksel
2026.01.06,08:07:41,40.8205,28.1210,15.2,,2.1,,MARMARA DENIZI İlksel
2026.01.06,08:09:59,40.8107,25.7688,5.4,,2.6,,EGE DENIZI İlksel
2026.01.06,08:21:35,36.5932,25.6110,2.3,,2.1,,EGE DENIZI İlksel
2026.01.06,08:38:34,39.2123,28.1490,13.7,,1.5,,YAYLACIK-SINDIRGI (BALIKESIR) İlksel
2026.01.06,08:38:37,40.7378,30.8527,12.0,,1.2,,KARADERE-HENDEK (SAKARYA) İlksel
2026.01.06,09:38:34,40.8177,25.7587,15.5,,2.4,,EGE DENIZI İlksel
2026.01.06,09:44:11,38.3918,26.4420,4.0,,1.9,,ILDIR-CESME (IZMIR) İlksel
2026.01.06,10:08:04,39.1073,40.4210,6.8,,2.1,,SANCAK-(BINGOL) İlksel
2026.01.06,10:12:03,36.6418,29.3915,5.0,,1.7,,KINCILAR-FETHIYE (MUGLA) İlksel
2026.01.06,10:21:18,38.4145,38.9397,24.3,,0.8,,SARITAS-BASKIL (ELAZIG) İlksel
2026.01.06,10:25:01,37.1603,37.0282,0.0,,1.0,,ATALAR-SEHITKAMIL (GAZIANTEP) İlksel
2026.01.06,10:31:22,38.0638,37.3805,29.1,,1.1,,AGCASAR-NURHAK (KAHRAMANMARAS) İlksel
2026.01.06,10:54:29,39.2353,27.9853,14.3,,1.1,,HACET-KIRKAGAC (MANISA) İlksel
2026.01.06,10:59:29,38.1258,32.6437,20.5,,1.1,,CANDIR-SELCUKLU (KONYA) İlksel
2026.01.06,11:14:51,38.3162,27.4557,30.5,,1.3,,YESILKOY-KEMALPASA (IZMIR) İlksel
2026.01.06,12:16:15,37.5488,40.3258,6.3,,1.1,,SURENDAL-CINAR (DIYARBAKIR) İlksel
2026.01.06,12:22:22,38.9618,37.8487,8.0,,1.8,,DAVULKU-HEKIMHAN (MALATYA) İlksel
2026.01.06,12:27:11,39.1313,28.1395,15.7,,1.2,,SINANDEDE-SINDIRGI (BALIKESIR) İlksel
2026.01.06,12:29:37,39.1953,29.0348,19.4,,1.1,,KARACAOREN-SIMAV (KUTAHYA) İlksel
2026.01.06,12:54:13,39.4580,28.1632,8.9,,1.6,,CAMKOY-BIGADIC (BALIKESIR) İlksel
2026.01.06,12:59:00,35.3250,33.4437,0.0,,1.8,,KIBRIS-BESPARMAK İlksel
2026.01.06,13:01:31,38.6573,38.1633,12.7,,1.1,,BOZTEPE-YAZIHAN (MALATYA) İlksel
2026.01.06,13:04:58,35.2815,33.5660,0.0,,1.3,,KIBRIS-BESPARMAK İlksel
2026.01.06,13:06:51,41.0147,36.0025,7.3,,2.0,,KOZANSIKI-KAVAK (SAMSUN) İlksel
2026.01.06,13:08:08,39.0065,25.8275,9.6,,2.3,,MIDILLI ADASI GUNEYI (EGE DENIZI) İlksel
2026.01.06,13:09:59,38.7112,38.2423,6.1,,1.9,,ASAR-ARGUVAN (MALATYA) İlksel
2026.01.06,13:22:29,36.1302,33.5553,0.0,,0.9,,BUYUKECELI-GULNAR (MERSIN) İlksel
2026.01.06,13:28:48,39.4647,29.1768,0.0,,1.5,,CAYIRKOY-TAVSANLI (KUTAHYA) İlksel
2026.01.06,13:42:28,39.8805,32.9775,0.0,,1.1,,MAMAK (ANKARA) İlksel
2026.01.06,13:50:46,39.0077,25.9483,5.4,,2.0,,MIDILLI ADASI GUNEYI (EGE DENIZI) İlksel
2026.01.06,13:54:08,39.9270,32.7287,0.0,,1.5,,ETIMESGUT (ANKARA) İlksel
2026.01.06,13:57:02,38.2527,37.2697,5.4,,1.5,,CITLIK-ELBISTAN (KAHRAMANMARAS) İlksel
2026.01.06,14:00:38,39.9275,32.7063,0.0,,1.2,,ETIMESGUT (ANKARA) İlksel
2026.01.06,14:19:10,40.8310,28.1327,1.8,,2.7,,MARMARA DENIZI İlksel
2026.01.06,14:28:33,39.4158,25.9388,8.9,,3.9,3.7,BADEMLI ACIKLARI-CANAKKALE (EGE DENIZI) İlksel
2026.01.06,14:36:28,38.3890,38.9288,7.2,,2.2,,GELINDERE-SIVRICE (ELAZIG) İlksel
2026.01.06,14:46:07,39.5778,25.9815,4.6,,1.4,,GULPINAR ACIKLARI-CANAKKALE (EGE DENIZI) İlksel
2026.01.06,15:10:42,39.2520,29.0365,10.1,,1.3,,KATRANDAGI-EMET (KUTAHYA) İlksel
2026.01.06,15:25:17,36.7697,33.2768,26.9,,1.4,,DISTAS-MUT (MERSIN) İlksel
2026.01.06,15:33:42,38.4513,28.9618,27.1,,1.3,,TAKMAK-ESME (USAK) İlksel
2026.01.06,15:55:44,39.0040,25.9493,9.0,,2.6,,MIDILLI ADASI GUNEYI (EGE DENIZI) İlksel
2026.01.06,16:12:22,39.1752,28.1602,12.1,,1.9,,SINANDEDE-SINDIRGI (BALIKESIR) İlksel
2026.01.06,16:16:27,38.9978,25.8753,1.4,,2.4,,MIDILLI ADASI GUNEYI (EGE DENIZI) İlksel
2026.01.06,17:23:13,39.1640,28.0583,17.5,,1.5,,SOGUTLU-AKHISAR (MANISA) İlksel
2026.01.06,17:41:11,38.2977,37.7593,18.0,,1.3,,CEVIRME-AKCADAG (MALATYA) İlksel
2026.01.06,18:01:06,38.2500,38.2005,8.5,,1.5,,SEYITUSAGI-YESILYURT (MALATYA) İlksel
2026.01.06,18:06:20,39.1777,28.1518,9.3,,1.7,,SINANDEDE-SINDIRGI (BALIKESIR) İlksel
2026.01.06,18:12:52,36.9227,28.1892,6.4,,2.7,,KARACA-MARMARIS (MUGLA) İlksel
2026.01.06,18:13:38,39.2217,28.1537,8.8,,2.9,,MANDIRA-SINDIRGI (BALIKESIR) İlksel
2026.01.06,18:32:35,39.0017,25.9295,5.4,,2.6,,MIDILLI ADASI GUNEYI (EGE DENIZI) İlksel
2026.01.06,19:23:26,39.0038,25.9548,9.3,,2.4,,MIDILLI ADASI GUNEYI (EGE DENIZI) İlksel
2026.01.06,19:25:25,39.9023,25.8918,5.4,,1.2,,EGE DENIZI İlksel
2026.01.06,19:33:28,38.2065,36.2443,5.4,,1.7,,PINARLAR-TUFANBEYLI (ADANA) İlksel
2026.01.06,19:46:31,39.0073,25.9452,8.3,,2.2,,MIDILLI ADASI GUNEYI (EGE DENIZI) İlksel
2026.01.06,19:53:18,39.0105,25.9443,6.8,,2.7,,MIDILLI ADASI GUNEYI (EGE DENIZI) İlksel
2026.01.06,20:07:48,37.0760,28.4475,16.6,,1.3,,YESILOVA-ULA (MUGLA) İlksel
2026.01.06,20:11:00,38.5158,37.9888,12.1,,1.1,,KADIIBRAHIM-AKCADAG (MALATYA) İlksel
2026.01.06,20:22:03,39.0173,25.8940,9.1,,2.0,,MIDILLI ADASI GUNEYI (EGE DENIZI) İlksel
2026.01.06,20:24:35,39.0042,25.9325,5.4,,1.6,,MIDILLI ADASI GUNEYI (EGE DENIZI) İlksel
2026.01.06,20:25:54,39.0045,25.9422,5.7,,1.6,,MIDILLI ADASI GUNEYI (EGE DENIZI) İlksel
2026.01.06,20:57:11,41.9183,30.0678,20.8,,1.8,,KARADENIZ İlksel
2026.01.06,21:08:51,40.2123,26.9638,14.6,,1.5,,PASACAYI-BIGA (CANAKKALE) İlksel
2026.01.06,21:48:34,36.9388,28.1447,5.3,,2.2,,GOKOVA KORFEZI (EGE DENIZI) İlksel
2026.01.06,21:53:00,36.9158,28.1775,14.2,,1.3,,KARACA-MARMARIS (MUGLA) İlksel
2026.01.06,21:56:03,39.0072,25.9673,5.4,,2.3,,MIDILLI ADASI GUNEYI (EGE DENIZI) İlksel
2026.01.06,22:01:29,38.0845,29.2930,12.6,,1.2,,SAZAK-CAL (DENIZLI) İlksel
2026.01.06,22:03:42,39.2235,28.1285,7.8,,1.4,,MANDIRA-SINDIRGI (BALIKESIR) İlksel
2026.01.06,22:39:54,40.1768,31.7002,7.3,,2.3,,SEKLI-BEYPAZARI (ANKARA) İlksel
2026.01.06,23:25:05,40.7282,30.1053,12.8,,1.0,,SIRINSULHIYE-KARTEPE (KOCAELI) İlksel
2026.01.06,23:35:43,39.0330,25.9618,6.0,,1.8,,MIDILLI ADASI GUNEYI (EGE DENIZI) İlksel
2026.01.06,23:41:17,39.5473,39.8293,11.4,,1.5,,KIRKMESE-PULUMUR (TUNCELI) İlksel
2026.01.06,23:42:13,38.0107,37.5325,5.0,,1.3,,TATLAR-NURHAK (KAHRAMANMARAS) İlksel
2026.01.07,00:16:52,36.6467,29.3975,2.7,,1.6,,SARIYER-FETHIYE (MUGLA) İlksel
2026.01.07,00:32:29,39.3168,28.0782,6.9,,2.2,,CAKILLI-SINDIRGI (BALIKESIR) İlksel
2026.01.07,00:44:44,38.2155,36.6768,14.0,,1.1,,ESENKOY-GOKSUN (KAHRAMANMARAS) İlksel
2026.01.07,00:54:31,38.4230,38.9372,14.6,,1.2,,SARITAS-BASKIL (ELAZIG) İlksel
2026.01.07,01:06:17,39.2055,28.1355,7.9,,1.8,,ORMANICI-SINDIRGI (BALIKESIR) İlksel
2026.01.07,01:26:20,38.4210,37.5015,3.9,,1.6,,SUGUL-DARENDE (MALATYA) İlksel
2026.01.07,02:09:57,41.0632,32.4600,5.0,,1.5,,KARAAGAC-(KARABUK) İlksel
2026.01.07,02:17:46,36.9030,35.9348,10.4,,1.4,,KURTPINAR-CEYHAN (ADANA) İlksel
2026.01.07,02:36:44,39.0518,25.9863,9.2,,1.9,,MIDILLI ADASI GUNEYI (EGE DENIZI) İlksel
2026.01.07,02:51:43,39.1865,28.2242,5.3,,2.3,,ILICA-SINDIRGI (BALIKESIR) İlksel
2026.01.07,03:04:41,39.2298,29.0888,7.9,,1.5,,KARAAGIL-HISARCIK (KUTAHYA) İlksel
2026.01.07,03:14:52,40.5388,33.0375,1.1,,2.4,,GOKCEOREN-ORTA (CANKIRI) İlksel
2026.01.07,03:17:46,39.0513,25.9288,13.8,,2.1,,MIDILLI ADASI GUNEYI (EGE DENIZI) İlksel
2026.01.07,03:18:21,38.4532,39.2712,5.0,,1.3,,SIVRICE (ELAZIG) İlksel
2026.01.07,03:48:50,37.7102,29.0583,12.0,,1.5,,DENIZLI İlksel
2026.01.07,03:57:05,38.1538,40.4303,15.5,,1.3,,KAVAKLIBAG-SUR (DIYARBAKIR) İlksel
2026.01.07,03:59:29,39.1247,28.3188,9.2,,1.4,,YUREGIL-SINDIRGI (BALIKESIR) İlksel
2026.01.07,04:04:12,38.3452,37.2480,15.1,,0.7,,BUYUKYAPALAK-ELBISTAN (KAHRAMANMARAS) İlksel
2026.01.07,04:09:10,38.0632,35.4368,7.9,,1.2,,KUZOLUK-YAHYALI (KAYSERI) REVIZE01 (2026.01.07 04:09:14)
2026.01.07,04:09:14,39.0358,25.9688,12.5,,2.2,,MIDILLI ADASI GUNEYI (EGE DENIZI) İlksel
2026.01.07,04:10:47,39.1722,28.1077,4.6,,1.2,,ORMANICI-SINDIRGI (BALIKESIR) İlksel
2026.01.07,04:43:07,39.1830,28.1768,17.1,,1.8,,SINANDEDE-SINDIRGI (BALIKESIR) İlksel
2026.01.07,04:48:49,39.1882,28.1008,9.4,,1.8,,KERTIL-SINDIRGI (BALIKESIR) İlksel
2026.01.07,04:56:59,39.0198,25.8898,2.6,,2.2,,MIDILLI ADASI GUNEYI (EGE DENIZI) İlksel
2026.01.07,04:58:56,39.8928,25.8723,6.4,,2.6,,EGE DENIZI İlksel
2026.01.07,04:59:38,39.8990,25.7635,5.0,,2.1,,EGE DENIZI İlksel
2026.01.07,05:04:08,42.1290,34.6438,6.7,,2.4,,CATALZEYTIN ACIKLARI-KASTAMONU (KARADENIZ) İlksel
2026.01.07,05:14:13,39.8895,25.9093,4.8,,1.5,,EGE DENIZI İlksel
2026.01.07,05:16:25,37.1520,36.6920,5.4,,1.6,,KARABURCLU-NURDAGI (GAZIANTEP) REVIZE01 (2026.01.07 05:16:25)
2026.01.07,05:19:38,40.8948,35.2633,7.8,,1.4,,SARAYOZU-GUMUSHACIKOY (AMASYA) İlksel
2026.01.07,05:43:37,39.0427,25.9407,14.2,,2.7,,MIDILLI ADASI GUNEYI (EGE DENIZI) İlksel
2026.01.07,05:45:57,39.0482,25.8192,12.6,,2.4,,EGE DENIZI İlksel
2026.01.07,06:03:18,39.0670,25.5815,11.7,,2.1,,EGE DENIZI İlksel
2026.01.07,06:38:35,39.1623,28.2098,12.0,,1.7,,AKTAS-SINDIRGI (BALIKESIR) İlksel
2026.01.07,06:49:12,39.1108,28.3362,10.9,,1.5,,YUREGIL-SINDIRGI (BALIKESIR) İlksel
2026.01.07,06:50:44,39.2508,28.1150,7.8,,2.9,,KARAGUR-SINDIRGI (BALIKESIR) İlksel
2026.01.07,07:22:54,39.2390,28.1262,8.1,,2.4,,BAYIRLI-SINDIRGI (BALIKESIR) İlksel
2026.01.07,08:31:44,38.0802,36.4782,5.2,,1.5,,MEHMETBEY-GOKSUN (KAHRAMANMARAS) İlksel
2026.01.07,09:05:25,39.2177,28.1345,7.8,,1.8,,MANDIRA-SINDIRGI (BALIKESIR) İlksel
2026.01.07,09:08:19,39.8845,25.9218,14.0,,1.4,,EGE DENIZI İlksel
2026.01.07,09:42:46,39.2222,28.1610,10.5,,1.2,,MANDIRA-SINDIRGI (BALIKESIR) İlksel
2026.01.07,10:37:57,39.1783,28.9845,17.0,,1.8,,EGIRLER-SIMAV (KUTAHYA) İlksel
2026.01.07,10:42:56,39.1742,28.1882,16.4,,1.5,,AKTAS-SINDIRGI (BALIKESIR) İlksel
2026.01.07,10:44:47,39.2087,28.2102,5.0,,1.4,,ILICA-SINDIRGI (BALIKESIR) İlksel
2026.01.07,11:21:38,38.9905,25.9267,10.4,,3.2,3.1,MIDILLI ADASI GUNEYI (EGE DENIZI) İlksel
2026.01.07,11:29:20,38.9998,25.8692,5.4,,2.4,,MIDILLI ADASI GUNEYI (EGE DENIZI) İlksel
2026.01.07,11:48:38,39.0400,25.9463,4.1,,2.2,,MIDILLI ADASI GUNEYI (EGE DENIZI) İlksel
2026.01.07,11:58:51,39.0092,25.9133,5.5,,2.3,,MIDILLI ADASI GUNEYI (EGE DENIZI) İlksel
2026.01.07,12:09:21,38.2917,38.7707,11.3,,1.8,,KARSIYAKA-PUTURGE (MALATYA) İlksel
2026.01.07,12:15:39,39.2113,28.1495,11.4,,1.5,,YAYLACIK-SINDIRGI (BALIKESIR) İlksel
2026.01.07,12:28:04,37.1130,38.7208,0.0,,1.7,,CALISKANLAR-(SANLIURFA) İlksel
2026.01.07,12:29:43,39.1983,28.1303,7.5,,1.8,,ORMANICI-SINDIRGI (BALIKESIR) İlksel
2026.01.07,12:37:17,39.7963,33.4315,5.0,,1.4,,BAHSILI (KIRIKKALE) İlksel
2026.01.07,12:42:57,40.1182,32.9177,13.4,,1.6,,PURSAKLAR (ANKARA) İlksel
2026.01.07,12:44:49,39.2017,28.1062,18.4,,2.5,,KERTIL-SINDIRGI (BALIKESIR) İlksel
2026.01.07,12:52:56,39.4897,28.1605,5.0,,1.6,,ISKELE-BIGADIC (BALIKESIR) İlksel
2026.01.07,13:08:36,38.3027,38.1558,0.0,,1.3,,DURULDU-(MALATYA) İlksel
2026.01.07,13:11:44,36.1332,33.5592,0.0,,1.2,,BUYUKECELI-GULNAR (MERSIN) İlksel
2026.01.07,13:12:58,37.9450,28.0258,8.2,,1.4,,ILIDAG-KOSK (AYDIN) İlksel
2026.01.07,13:23:48,37.0677,28.3718,2.0,,2.0,,GOKOVA-ULA (MUGLA) İlksel
2026.01.07,13:35:41,39.3532,27.9623,5.1,,1.8,,AKCAKISRAK-SINDIRGI (BALIKESIR) İlksel
2026.01.07,13:39:06,39.1620,28.2465,8.2,,1.3,,BAYRAKLI-SINDIRGI (BALIKESIR) İlksel
2026.01.07,14:05:05,37.0480,28.3053,5.0,,1.5,,AKYAKA-ULA (MUGLA) İlksel
2026.01.07,15:01:48,38.0720,37.4920,6.3,,2.0,,SUNNETKOY-ELBISTAN (KAHRAMANMARAS) İlksel
2026.01.07,15:02:41,39.2567,28.2212,8.2,,1.5,,CAYGOREN-SINDIRGI (BALIKESIR) İlksel
2026.01.07,15:03:36,39.3900,28.7667,5.5,,1.6,,CANAKCI-DURSUNBEY (BALIKESIR) İlksel
2026.01.07,15:18:38,39.2147,28.1578,10.4,,2.6,,YAYLACIK-SINDIRGI (BALIKESIR) İlksel
2026.01.07,15:18:57,35.7717,25.0733,12.1,,2.6,,EGE DENIZI İlksel
2026.01.07,15:28:27,39.2402,28.0612,8.4,,2.0,,ALAKIR-SINDIRGI (BALIKESIR) İlksel
2026.01.07,15:32:22,39.0297,25.8998,13.4,,2.0,,MIDILLI ADASI GUNEYI (EGE DENIZI) İlksel
2026.01.07,15:38:20,37.8403,36.2103,7.6,,1.9,,KARAKUYU-SAIMBEYLI (ADANA) İlksel
2026.01.07,15:41:51,38.7920,37.9398,9.9,,1.8,,HEKIMHAN (MALATYA) İlksel
2026.01.07,16:11:04,36.4940,34.1782,0.0,,2.0,,AYAS-ERDEMLI (MERSIN) İlksel
2026.01.07,16:31:11,38.5190,26.3680,3.6,,2.2,,KUCUKBAHCE-KARABURUN (IZMIR) İlksel
2026.01.07,16:56:38,39.1665,28.1418,8.8,,1.4,,SINANDEDE-SINDIRGI (BALIKESIR) İlksel
2026.01.07,17:33:18,39.1690,28.2825,13.7,,1.9,,ISIKLAR-SINDIRGI (BALIKESIR) İlksel
2026.01.07,17:36:30,39.1775,28.2988,8.9,,2.5,,BUYUKDAGDERE-SINDIRGI (BALIKESIR) İlksel
2026.01.07,17:43:42,36.9293,28.2600,60.9,,1.6,,CAMLI-MARMARIS (MUGLA) İlksel
2026.01.07,17:49:08,39.2415,28.0958,7.6,,1.7,,KOZLU-SINDIRGI (BALIKESIR) İlksel
2026.01.07,18:24:56,39.0125,25.9533,5.9,,2.3,,MIDILLI ADASI GUNEYI (EGE DENIZI) İlksel
2026.01.07,18:32:32,39.2070,28.2925,7.8,,1.6,,ASLANDEDE-SINDIRGI (BALIKESIR) İlksel
2026.01.07,18:45:54,39.1628,28.2205,9.0,,1.6,,BAYRAKLI-SINDIRGI (BALIKESIR) İlksel
2026.01.07,18:48:52,39.2092,28.1163,11.4,,1.4,,KERTIL-SINDIRGI (BALIKESIR) İlksel
2026.01.07,19:01:40,39.2145,28.1235,8.2,,2.1,,BAYIRLI-SINDIRGI (BALIKESIR) İlksel
2026.01.07,19:09:06,40.1277,31.8028,7.5,,2.4,,CANTIRLI-BEYPAZARI (ANKARA) İlksel
2026.01.07,19:13:48,39.0012,25.9587,7.5,,2.7,,MIDILLI ADASI GUNEYI (EGE DENIZI) İlksel
2026.01.07,19:30:40,38.0263,37.6697,13.8,,1.7,,KUCUKLU-DOGANSEHIR (MALATYA) İlksel
2026.01.07,19:33:11,38.0295,37.6552,17.1,,1.2,,BEGRE-DOGANSEHIR (MALATYA) İlksel
2026.01.07,19:50:13,38.6127,26.7113,3.3,,2.0,,IZMIR KORFEZI (EGE DENIZI) İlksel
2026.01.07,19:50:53,39.1612,28.2020,9.6,,1.7,,AKTAS-SINDIRGI (BALIKESIR) İlksel
2026.01.07,19:53:32,39.1452,28.2073,11.1,,1.7,,AKTAS-SINDIRGI (BALIKESIR) İlksel
2026.01.07,19:56:08,39.1847,28.2547,11.0,,1.6,,ISIKLAR-SINDIRGI (BALIKESIR) İlksel
2026.01.07,20:08:44,38.1210,38.4980,6.6,,2.2,,AKSU-SINCIK (ADIYAMAN) İlksel
2026.01.07,20:10:35,38.1437,38.4718,18.3,,0.9,,AKSU-SINCIK (ADIYAMAN) İlksel
2026.01.07,20:19:38,37.8120,36.5077,24.2,,1.2,,KUMARLI-(KAHRAMANMARAS) İlksel
2026.01.07,20:49:03,38.3808,37.4095,15.4,,1.2,,YALINTAS-ELBISTAN (KAHRAMANMARAS) İlksel
2026.01.07,21:02:17,37.8945,36.5082,3.5,,2.0,,DEGIRMENDERE-GOKSUN (KAHRAMANMARAS) İlksel
2026.01.07,22:02:37,39.7862,26.8615,12.6,,1.8,,TOLUKLAR-BAYRAMIC (CANAKKALE) İlksel
2026.01.07,22:09:01,38.5960,40.7407,5.4,,1.5,,ULUCAK-LICE (DIYARBAKIR) İlksel
2026.01.07,22:21:20,39.2070,28.2995,12.1,,1.6,,ASLANDEDE-SINDIRGI (BALIKESIR) İlksel
2026.01.07,22:50:24,38.8103,37.8923,14.0,,1.2,,HEKIMHAN (MALATYA) İlksel
2026.01.07,23:14:33,39.3185,40.4363,27.1,,1.6,,CEVIZLI-ADAKLI (BINGOL) İlksel
2026.01.07,23:31:27,41.0067,33.5163,8.2,,2.1,,ALIC-ILGAZ (CANKIRI) İlksel
2026.01.07,23:41:57,36.2840,28.6732,27.7,,2.2,,AKDENIZ İlksel
2026.01.07,23:52:19,38.8852,27.4942,5.2,,1.8,,HATIPLAR-SARUHANLI (MANISA) İlksel
2026.01.08,00:10:20,37.3900,36.8502,5.0,,1.2,,TURKOGLU (KAHRAMANMARAS) İlksel
2026.01.08,00:19:46,39.1660,28.2855,15.6,,1.4,,ISIKLAR-SINDIRGI (BALIKESIR) İlksel
2026.01.08,00:30:11,38.1398,44.7605,5.0,,2.3,,TURKIYE-IRAN SINIR BOLGESI İlksel
2026.01.08,00:31:54,40.8807,28.4378,14.4,,1.7,,GURPINAR ACIKLARI-ISTANBUL (MARMARA DENIZI) İlksel
2026.01.08,00:53:55,39.1650,28.2275,12.1,,1.9,,BAYRAKLI-SINDIRGI (BALIKESIR) İlksel
2026.01.08,00:54:07,40.9560,39.7695,8.7,,2.2,,KAVALA-(TRABZON) İlksel
2026.01.08,01:00:15,38.0507,37.4352,2.8,,0.9,,AGCASAR-NURHAK (KAHRAMANMARAS) İlksel
2026.01.08,01:11:42,39.1885,28.2793,10.4,,1.0,,ISIKLAR-SINDIRGI (BALIKESIR) İlksel
2026.01.08,01:24:51,40.8770,34.5650,8.0,,1.7,,BEYOGLAN-ISKILIP (CORUM) İlksel
2026.01.08,01:26:58,37.0862,36.1283,7.7,,1.3,,SAYHUYUK-TOPRAKKALE (OSMANIYE) İlksel
2026.01.08,02:37:10,39.1737,28.2733,15.0,,3.2,3.3,ISIKLAR-SINDIRGI (BALIKESIR) İlksel
2026.01.08,02:50:12,39.0402,25.9213,6.7,,3.2,3.1,MIDILLI ADASI GUNEYI (EGE DENIZI) İlksel
2026.01.08,03:02:23,39.2727,29.0382,12.0,,1.4,,KATRANDAGI-EMET (KUTAHYA) İlksel
2026.01.08,03:10:05,38.1148,37.1880,5.3,,1.4,,GUPLUCE-ELBISTAN (KAHRAMANMARAS) İlksel
2026.01.08,03:17:12,39.3403,40.5985,7.5,,1.4,,ELMALI-YEDISU (BINGOL) İlksel
2026.01.08,03:17:19,39.1638,28.2040,9.7,,2.6,,AKTAS-SINDIRGI (BALIKESIR) İlksel
2026.01.08,03:44:12,39.2102,29.2847,18.7,,1.1,,HAMAMKOY-HISARCIK (KUTAHYA) İlksel
2026.01.08,03:57:54,36.1822,31.5840,54.1,,2.0,,AKDENIZ İlksel
2026.01.08,04:04:56,38.5388,42.9668,5.0,,1.2,,VAN GOLU İlksel
2026.01.08,04:15:31,39.8463,25.8578,7.4,,1.8,,EGE DENIZI İlksel
2026.01.08,04:50:12,35.7647,22.7847,61.5,,4.7,4.8,GIRIT ADASI (AKDENIZ) İlksel
2026.01.08,05:09:09,39.2380,29.0432,12.1,,1.7,,KATRANDAGI-EMET (KUTAHYA) İlksel
2026.01.08,05:14:31,37.6797,29.2303,3.3,,1.8,,KARATAS-(DENIZLI) İlksel
2026.01.08,05:22:52,39.1842,28.1390,2.4,,1.5,,ORMANICI-SINDIRGI (BALIKESIR) İlksel
2026.01.08,05:59:43,39.4157,25.9278,11.0,,1.8,,BADEMLI ACIKLARI-CANAKKALE (EGE DENIZI) İlksel
2026.01.08,06:07:48,39.1278,28.1395,19.3,,1.6,,SINANDEDE-SINDIRGI (BALIKESIR) İlksel
2026.01.08,06:08:44,40.6458,35.4177,17.0,,1.5,,YAYLACIK-MERZIFON (AMASYA) İlksel
2026.01.08,06:10:28,39.1982,28.2658,10.7,,2.2,,ILICA-SINDIRGI (BALIKESIR) İlksel
2026.01.08,06:17:28,39.1675,28.2747,13.5,,2.8,,ISIKLAR-SINDIRGI (BALIKESIR) İlksel
2026.01.08,07:04:20,39.2215,28.1040,4.1,,1.5,,BAYIRLI-SINDIRGI (BALIKESIR) İlksel
2026.01.08,07:22:27,39.2175,28.1445,8.8,,2.5,,MANDIRA-SINDIRGI (BALIKESIR) İlksel
2026.01.08,07:24:09,37.4890,37.0658,5.4,,1.8,,CIGLI-(KAHRAMANMARAS) İlksel
2026.01.08,07:31:28,39.1758,28.2790,8.4,,3.5,3.3,ISIKLAR-SINDIRGI (BALIKESIR) İlksel
2026.01.08,07:40:23,39.1738,28.2710,11.3,,3.0,3.1,ISIKLAR-SINDIRGI (BALIKESIR) İlksel
2026.01.08,07:40:52,39.1183,28.3045,15.4,,2.0,,YUREGIL-SINDIRGI (BALIKESIR) İlksel
2026.01.08,07:41:50,39.1697,28.3032,9.1,,3.0,2.8,KUCUKDAGDERE-SINDIRGI (BALIKESIR) İlksel
2026.01.08,08:00:49,39.1515,28.2765,14.1,,1.5,,YUREGIL-SINDIRGI (BALIKESIR) İlksel
2026.01.08,08:08:36,38.7527,37.9623,5.2,,2.1,,KOCAOZU-HEKIMHAN (MALATYA) İlksel
2026.01.08,08:08:49,38.9702,27.6313,19.5,,1.3,,SINDELLI-AKHISAR (MANISA) İlksel
2026.01.08,08:24:39,39.1938,28.1567,10.3,,2.0,,YAYLACIK-SINDIRGI (BALIKESIR) İlksel
2026.01.08,08:39:28,39.2650,29.1065,1.3,,2.7,,KABAKLAR-EMET (KUTAHYA) İlksel
2026.01.08,08:50:35,39.2780,29.1355,8.2,,1.7,,GONCEK-EMET (KUTAHYA) İlksel
2026.01.08,08:53:35,39.1753,28.1605,9.6,,1.3,,SINANDEDE-SINDIRGI (BALIKESIR) İlksel
2026.01.08,08:54:34,39.2565,29.1167,10.9,,1.6,,GULDUREN-HISARCIK (KUTAHYA) İlksel
2026.01.08,09:13:47,36.5602,28.2317,28.6,,2.2,,AKDENIZ İlksel
2026.01.08,09:15:22,38.4605,38.0380,11.1,,1.3,,YUKARIORUKCU-AKCADAG (MALATYA) İlksel
2026.01.08,09:25:10,38.0690,37.8378,5.3,,1.1,,GUNEDOGRU-DOGANSEHIR (MALATYA) İlksel
2026.01.08,10:01:18,39.2360,28.1925,6.0,,1.7,,PURSUNLER-SINDIRGI (BALIKESIR) İlksel
2026.01.08,10:14:33,37.1567,36.6710,5.0,,2.5,,KARABURCLU-NURDAGI (GAZIANTEP) İlksel
2026.01.08,10:32:40,39.1397,28.0718,10.6,,1.7,,ISACA-AKHISAR (MANISA) İlksel
2026.01.08,10:35:50,39.2048,28.1530,14.6,,2.1,,YAYLACIK-SINDIRGI (BALIKESIR) İlksel
2026.01.08,10:36:24,37.8398,29.5107,10.2,,2.0,,BASCESME-BOZKURT (DENIZLI) İlksel
2026.01.08,10:46:39,35.8570,33.1992,18.7,,1.9,,AKDENIZ İlksel
2026.01.08,11:15:11,36.6082,27.9930,7.2,,2.7,,BOZBURUN ACIKLARI-MUGLA (EGE DENIZI) İlksel
2026.01.08,11:39:06,39.1715,28.2853,7.7,,3.3,,ISIKLAR-SINDIRGI (BALIKESIR) REVIZE01 (2026.01.08 11:39:06)
2026.01.08,11:54:44,39.3540,28.0668,9.2,,1.6,,YURUCEKLER-BIGADIC (BALIKESIR) İlksel
2026.01.08,11:58:11,38.9258,37.8928,10.5,,1.9,,CULHALI-HEKIMHAN (MALATYA) İlksel
2026.01.08,12:15:21,39.1448,27.9672,12.1,,1.7,,KOBASDERE-AKHISAR (MANISA) İlksel
2026.01.08,12:30:08,39.4687,28.3170,17.6,,1.2,,DAVUTLAR-BIGADIC (BALIKESIR) İlksel
2026.01.08,12:33:58,39.4358,37.2372,7.2,,2.3,,ESKIKARAHISAR-ULAS (SIVAS) REVIZE02 (2026.01.08 12:33:58)
2026.01.08,13:08:08,41.0027,29.0577,0.0,,1.1,,KADIKOY (ISTANBUL) İlksel
2026.01.08,13:37:21,35.2848,33.4242,0.0,,1.7,,KIBRIS-BESPARMAK İlksel
2026.01.08,13:55:16,36.7943,29.0848,15.5,,1.9,,CENGER-FETHIYE (MUGLA) İlksel
2026.01.08,13:58:32,38.4100,42.8605,17.6,,2.1,,AYDINOCAK-GEVAS (VAN) İlksel
2026.01.08,14:24:34,39.1830,28.3882,4.1,,1.5,,CIKRIKCI-SINDIRGI (BALIKESIR) İlksel
2026.01.08,14:25:18,34.6750,32.5292,4.0,,3.3,,AKDENIZ İlksel
2026.01.08,14:42:46,36.1990,33.6965,0.0,,1.3,,YESILOVACIK-SILIFKE (MERSIN) İlksel
2026.01.08,14:42:55,36.3650,33.6383,0.0,,1.0,,GOKBELEN-SILIFKE (MERSIN) İlksel
2026.01.08,14:44:06,39.2163,29.0028,14.4,,2.1,,EGIRLER-SIMAV (KUTAHYA) İlksel
2026.01.08,15:18:07,37.0633,29.0455,10.0,,2.0,,KARACAM-KOYCEGIZ (MUGLA) İlksel
2026.01.08,15:55:01,39.1458,28.2463,19.0,,1.6,,BAYRAKLI-SINDIRGI (BALIKESIR) İlksel
2026.01.08,15:57:18,39.0740,28.2118,21.4,,1.5,,CICEKLI-GORDES (MANISA) İlksel
2026.01.08,16:00:58,39.1575,28.1720,20.9,,1.6,,AKTAS-SINDIRGI (BALIKESIR) İlksel
2026.01.08,16:30:25,37.3137,37.1697,5.0,,1.7,,KARABIYIKLI-PAZARCIK (KAHRAMANMARAS) İlksel
2026.01.08,17:40:39,39.1245,28.2357,13.8,,1.7,,BAYRAKLI-SINDIRGI (BALIKESIR) İlksel
2026.01.08,18:25:35,39.2157,25.9847,5.7,,2.1,,MIDILLI ADASI (EGE DENIZI) İlksel
2026.01.08,18:51:43,38.0685,37.5693,7.8,,1.4,,GOVDELI-DOGANSEHIR (MALATYA) İlksel
2026.01.08,19:00:31,39.1690,28.2320,18.4,,1.7,,BAYRAKLI-SINDIRGI (BALIKESIR) İlksel
2026.01.08,19:27:23,39.1987,28.1652,4.4,,1.9,,YAYLACIK-SINDIRGI (BALIKESIR) İlksel
2026.01.08,19:38:31,39.0132,25.8860,5.3,,2.3,,MIDILLI ADASI GUNEYI (EGE DENIZI) İlksel
2026.01.08,20:19:26,39.2320,28.0868,17.5,,1.5,,KOZLU-SINDIRGI (BALIKESIR) İlksel
2026.01.08,20:54:14,38.6843,37.9995,5.0,,2.2,,IPEKYOLU-HEKIMHAN (MALATYA) İlksel
2026.01.08,21:13:07,38.7683,37.9320,13.0,,1.6,,GUZELYURT-HEKIMHAN (MALATYA) İlksel
2026.01.08,21:38:29,39.1657,28.2837,5.0,,1.3,,ISIKLAR-SINDIRGI (BALIKESIR) İlksel
2026.01.08,22:03:07,40.1875,31.7413,5.0,,2.2,,HIRKATEPE-BEYPAZARI (ANKARA) İlksel
2026.01.08,22:34:34,38.2988,38.8360,2.2,,2.5,,GUNDEGER-PUTURGE (MALATYA) İlksel
2026.01.08,22:42:17,38.4872,39.2020,4.6,,1.9,,DEDEYOLU-SIVRICE (ELAZIG) İlksel
2026.01.08,22:46:56,38.9082,37.9147,19.3,,1.5,1.6,CULHALI-HEKIMHAN (MALATYA) İlksel
2026.01.08,23:21:09,39.2645,28.1688,6.9,,1.5,,SINDIRGI (BALIKESIR) İlksel
2026.01.08,23:30:57,39.0470,33.3953,4.7,,1.7,,BOZAN-KULU (KONYA) İlksel
2026.01.08,23:31:29,37.8528,29.4950,8.3,,2.6,,ALIKURT-BOZKURT (DENIZLI) İlksel
2026.01.08,23:32:18,38.2667,37.8165,5.3,,1.7,,ORTAKOY-AKCADAG (MALATYA) İlksel
2026.01.08,23:34:29,37.8288,29.5345,9.8,,2.2,,BASCESME-BOZKURT (DENIZLI) İlksel
2026.01.08,23:39:18,39.2347,29.0395,10.3,,1.1,,KATRANDAGI-EMET (KUTAHYA) İlksel
2026.01.08,23:45:12,38.9412,30.1322,12.7,,2.0,,HAMUR-DUMLUPINAR (KUTAHYA) İlksel
2026.01.09,00:14:23,38.0847,37.6247,5.1,,1.8,,TAPKIRANKALE-ELBISTAN (KAHRAMANMARAS) İlksel
2026.01.09,00:29:09,39.2422,28.2173,10.7,,1.6,,PURSUNLER-SINDIRGI (BALIKESIR) İlksel
2026.01.09,00:56:22,39.2067,28.1180,20.4,,1.3,,KERTIL-SINDIRGI (BALIKESIR) İlksel
2026.01.09,00:58:43,39.1602,28.1600,5.2,,1.7,,SINANDEDE-SINDIRGI (BALIKESIR) İlksel
2026.01.09,02:02:11,39.2322,28.0740,8.8,,1.2,,ALAKIR-SINDIRGI (BALIKESIR) İlksel
2026.01.09,02:15:13,38.2808,38.7710,12.6,,0.8,,KARSIYAKA-PUTURGE (MALATYA) İlksel
2026.01.09,02:39:07,39.4777,27.9707,9.3,,1.5,,YESILDERE-BIGADIC (BALIKESIR) İlksel
2026.01.09,03:08:40,37.8450,36.6963,6.1,,1.8,,SAHINKAYASI-(KAHRAMANMARAS) İlksel
2026.01.09,03:13:54,38.2038,37.3398,2.9,,1.8,,DEMIRCILIK-ELBISTAN (KAHRAMANMARAS) İlksel
2026.01.09,03:15:44,36.2475,31.6522,87.6,,2.3,,ANTALYA KORFEZI (AKDENIZ) İlksel
2026.01.09,03:32:45,39.1693,28.2637,14.7,,1.5,,ISIKLAR-SINDIRGI (BALIKESIR) İlksel
2026.01.09,03:45:20,39.0782,33.1427,18.0,,1.4,,KULU (KONYA) İlksel
2026.01.09,03:49:05,39.1467,28.2467,12.7,,2.3,,BAYRAKLI-SINDIRGI (BALIKESIR) İlksel
2026.01.09,04:09:59,37.8852,29.4387,3.4,,1.4,,YOKUSBASI-HONAZ (DENIZLI) İlksel
2026.01.09,04:26:00,39.3478,40.6102,4.5,,2.1,,ELMALI-YEDISU (BINGOL) İlksel
2026.01.09,04:41:16,39.1897,29.0068,6.6,,1.6,,EGIRLER-SIMAV (KUTAHYA) İlksel
2026.01.09,04:58:44,39.1658,28.2768,13.4,,3.3,3.3,ISIKLAR-SINDIRGI (BALIKESIR) İlksel
2026.01.09,05:09:52,39.2010,28.0822,13.5,,2.0,,KERTIL-SINDIRGI (BALIKESIR) İlksel
2026.01.09,05:10:58,37.2368,28.0637,5.4,,2.5,,CUKUROZ-YATAGAN (MUGLA) İlksel
2026.01.09,05:27:13,39.2485,29.0067,2.6,,1.3,,YEMISLI-SIMAV (KUTAHYA) İlksel
2026.01.09,05:43:27,39.1415,28.2132,11.5,,1.5,,AKTAS-SINDIRGI (BALIKESIR) İlksel
2026.01.09,06:26:44,37.1158,28.9473,13.1,,1.8,,OTMANLAR-KOYCEGIZ (MUGLA) İlksel
2026.01.09,06:43:57,39.2830,29.1843,5.0,,1.1,,GONCEK-EMET (KUTAHYA) İlksel
2026.01.09,06:46:31,39.1568,28.3060,16.9,,1.6,,KUCUKDAGDERE-SINDIRGI (BALIKESIR) İlksel
2026.01.09,06:55:09,39.1760,28.1800,5.3,,1.6,,AKTAS-SINDIRGI (BALIKESIR) İlksel
2026.01.09,07:00:06,37.8710,29.2500,15.7,,1.4,,KOCADERE-(DENIZLI) İlksel
2026.01.09,07:17:04,39.2188,28.1852,19.1,,1.7,,YAYLACIK-SINDIRGI (BALIKESIR) İlksel
2026.01.09,07:25:51,36.4142,36.2700,13.0,,1.7,,SENBUK-BELEN (HATAY) İlksel
2026.01.09,07:49:06,39.2123,28.1193,12.5,,2.3,,KERTIL-SINDIRGI (BALIKESIR) İlksel
2026.01.09,07:51:48,38.1292,38.4115,8.4,,2.3,,SALKONAK-YESILYURT (MALATYA) İlksel
2026.01.09,08:35:41,39.2440,28.9558,13.2,,2.1,,YENILER-SIMAV (KUTAHYA) İlksel
2026.01.09,08:41:27,39.1787,28.2013,11.2,,1.5,,AKTAS-SINDIRGI (BALIKESIR) İlksel
2026.01.09,08:46:53,39.1653,28.2047,9.3,,1.9,,AKTAS-SINDIRGI (BALIKESIR) İlksel
2026.01.09,08:47:15,39.1240,28.1395,4.9,,1.5,,SINANDEDE-SINDIRGI (BALIKESIR) İlksel
2026.01.09,09:05:29,38.0193,37.6822,5.0,,2.1,,KUCUKLU-DOGANSEHIR (MALATYA) İlksel
2026.01.09,09:07:39,39.2162,29.0157,16.6,,1.4,,EGIRLER-SIMAV (KUTAHYA) İlksel
2026.01.09,09:46:37,36.4088,33.9255,22.6,,0.7,,DEMIRCILI-SILIFKE (MERSIN) İlksel
2026.01.09,10:14:27,39.9323,27.5157,10.3,,1.9,,YESILKOY-YENICE (CANAKKALE) İlksel
2026.01.09,10:36:28,39.4213,28.4557,7.0,,2.1,,DUNDARCIK-BIGADIC (BALIKESIR) İlksel
2026.01.09,11:11:58,38.1162,38.4350,4.2,,2.5,,KARAGOL-CELIKHAN (ADIYAMAN) İlksel
2026.01.09,11:17:42,37.9440,36.6970,5.6,,3.9,3.9,CAMLICA-(KAHRAMANMARAS) İlksel
2026.01.09,11:40:50,37.8225,29.5553,5.0,,1.1,,BASCESME-BOZKURT (DENIZLI) İlksel
2026.01.09,11:52:40,37.9253,36.7132,9.4,,1.4,,CAMLICA-(KAHRAMANMARAS) İlksel
2026.01.09,12:00:17,39.2250,28.0022,9.0,,2.5,,SAHINKAYA-SINDIRGI (BALIKESIR) İlksel
2026.01.09,12:08:57,37.9092,36.6620,8.2,,2.1,,TEKIR-(KAHRAMANMARAS) İlksel
2026.01.09,12:23:50,39.1875,28.0740,11.9,,1.5,,KERTIL-SINDIRGI (BALIKESIR) İlksel
2026.01.09,12:48:13,39.2413,29.0723,5.2,,1.5,,KATRANDAGI-EMET (KUTAHYA) İlksel
2026.01.09,13:03:44,39.1227,28.2448,17.2,,1.6,,BAYRAKLI-SINDIRGI (BALIKESIR) İlksel
2026.01.09,13:18:31,38.1298,38.4840,2.6,,2.3,,AKSU-SINCIK (ADIYAMAN) İlksel
2026.01.09,13:37:55,38.1280,38.4425,23.2,,1.5,,AKSU-SINCIK (ADIYAMAN) İlksel
2026.01.09,14:36:49,39.1827,28.1612,15.9,,1.8,,SINANDEDE-SINDIRGI (BALIKESIR) İlksel
2026.01.09,14:42:40,39.1205,25.9837,9.7,,2.0,,MIDILLI ADASI (EGE DENIZI) İlksel
2026.01.09,14:50:29,39.1870,28.2695,13.1,,1.7,,ISIKLAR-SINDIRGI (BALIKESIR) İlksel
2026.01.09,14:55:24,36.7973,27.3115,15.3,,2.2,,GOKOVA KORFEZI (EGE DENIZI) İlksel
2026.01.09,14:57:29,39.1657,28.2042,10.0,,2.2,,AKTAS-SINDIRGI (BALIKESIR) İlksel
2026.01.09,15:00:05,39.1065,26.0160,2.0,,2.4,,MIDILLI ADASI (EGE DENIZI) İlksel
2026.01.09,15:48:03,36.0918,33.5463,5.0,,1.0,,YANISLI-GULNAR (MERSIN) İlksel
2026.01.09,15:48:54,40.8855,27.8322,17.2,,1.7,,MARMARA DENIZI İlksel
2026.01.09,15:58:46,39.1760,28.1185,10.7,,1.5,,ORMANICI-SINDIRGI (BALIKESIR) İlksel
2026.01.09,16:22:58,38.3612,30.4397,5.5,,1.7,,YIPRAK-DINAR (AFYONKARAHISAR) İlksel
2026.01.09,17:02:27,39.2118,28.2852,5.3,,1.6,,ASLANDEDE-SINDIRGI (BALIKESIR) İlksel
2026.01.09,17:07:04,38.1272,37.0087,22.1,,1.6,,CALIS-ELBISTAN (KAHRAMANMARAS) İlksel
2026.01.09,17:10:25,39.1808,28.2818,7.4,,2.7,,ISIKLAR-SINDIRGI (BALIKESIR) İlksel
2026.01.09,17:25:41,39.1780,28.3125,11.6,,1.5,,BUYUKDAGDERE-SINDIRGI (BALIKESIR) İlksel
2026.01.09,17:31:38,38.0068,36.3982,2.4,,1.8,,ACIELMA-GOKSUN (KAHRAMANMARAS) İlksel
2026.01.09,17:36:02,39.0412,25.9648,5.4,,2.2,,MIDILLI ADASI GUNEYI (EGE DENIZI) İlksel
2026.01.09,18:05:26,39.2603,28.9692,9.7,,1.7,,KARAKOCA-SIMAV (KUTAHYA) İlksel
2026.01.09,18:06:26,39.2383,29.0312,4.9,,1.4,,KATRANDAGI-EMET (KUTAHYA) İlksel
2026.01.09,18:07:51,39.2492,28.9862,14.5,,2.0,,YEMISLI-SIMAV (KUTAHYA) İlksel
2026.01.09,18:09:28,39.2532,28.0880,7.7,,1.4,,KOZLU-SINDIRGI (BALIKESIR) İlksel
2026.01.09,18:28:28,39.0242,25.8837,3.9,,2.2,,MIDILLI ADASI GUNEYI (EGE DENIZI) İlksel
2026.01.09,18:47:21,37.0825,28.9020,5.3,,1.6,,OTMANLAR-KOYCEGIZ (MUGLA) İlksel
2026.01.09,19:42:13,39.1382,28.2908,9.3,,1.3,,YUREGIL-SINDIRGI (BALIKESIR) İlksel
2026.01.09,19:58:18,37.1950,30.5008,5.0,,2.6,,DAGBELI-DOSEMEALTI (ANTALYA) İlksel
2026.01.09,20:02:17,39.1212,28.2630,25.0,,1.5,,YUREGIL-SINDIRGI (BALIKESIR) İlksel
2026.01.09,20:18:47,39.1810,28.1940,9.6,,2.1,,AKTAS-SINDIRGI (BALIKESIR) İlksel
2026.01.09,20:55:17,39.4340,26.0122,9.0,,1.8,,BADEMLI ACIKLARI-CANAKKALE (EGE DENIZI) İlksel
2026.01.09,20:58:39,39.1993,28.1817,9.0,,1.6,,YAYLACIK-SINDIRGI (BALIKESIR) İlksel
2026.01.09,20:59:34,40.0572,25.9540,12.3,,1.5,,ESELEK-GOKCEADA (CANAKKALE) İlksel
2026.01.09,21:00:01,40.5128,35.2548,5.5,,2.2,,KOPRUBASI-MECITOZU (CORUM) İlksel
2026.01.09,21:00:04,38.1410,36.5487,5.3,,1.6,,KOMURKOY-GOKSUN (KAHRAMANMARAS) İlksel
2026.01.09,21:06:44,38.2282,38.9635,3.4,,2.1,,KOCKOY-PUTURGE (MALATYA) İlksel
2026.01.09,21:52:05,38.4690,38.0195,10.9,,1.3,,YUKARIORUKCU-AKCADAG (MALATYA) İlksel
2026.01.09,22:24:39,38.1105,38.4570,18.9,,1.1,,KARAGOL-CELIKHAN (ADIYAMAN) İlksel
2026.01.09,22:51:11,38.5002,26.3715,11.3,,2.2,,KUCUKBAHCE-KARABURUN (IZMIR) İlksel
2026.01.09,22:52:19,39.2638,29.0197,4.9,,1.3,,YESILDERE-SIMAV (KUTAHYA) İlksel
2026.01.09,22:54:41,39.2143,28.0385,19.5,,1.7,,SAHINKAYA-SINDIRGI (BALIKESIR) İlksel
2026.01.09,23:00:05,37.1247,28.4430,6.4,,2.1,,ULA (MUGLA) İlksel
2026.01.09,23:05:30,37.1352,28.4210,16.1,,1.6,,ULA (MUGLA) İlksel
2026.01.09,23:05:54,37.1412,28.4470,12.5,,1.4,,YARAS-(MUGLA) İlksel
2026.01.09,23:32:42,38.2983,37.6697,18.2,,1.0,,HARUNUSAGI-AKCADAG (MALATYA) İlksel
2026.01.09,23:34:17,39.1952,28.1430,16.1,,1.2,,ORMANICI-SINDIRGI (BALIKESIR) İlksel
2026.01.09,23:39:02,37.9227,36.6853,7.2,,2.1,,CAMLICA-(KAHRAMANMARAS) İlksel
2026.01.10,00:01:53,39.1028,28.3002,17.5,,1.2,,YUREGIL-SINDIRGI (BALIKESIR) İlksel
2026.01.10,00:16:43,38.1145,36.5728,5.3,,1.3,,CAMDERE-GOKSUN (KAHRAMANMARAS) İlksel
2026.01.10,00:28:00,39.0897,26.0607,7.6,,2.0,,MIDILLI ADASI (EGE DENIZI) İlksel
2026.01.10,00:34:29,37.1313,28.4477,4.4,,2.2,,ULA (MUGLA) İlksel
2026.01.10,00:39:04,37.1390,28.4472,6.5,,2.4,,YARAS-(MUGLA) İlksel
2026.01.10,00:48:27,39.1992,28.1238,4.9,,1.2,,ORMANICI-SINDIRGI (BALIKESIR) İlksel
2026.01.10,01:10:16,38.1227,37.4200,10.2,,1.4,,BAKIS-ELBISTAN (KAHRAMANMARAS) İlksel
2026.01.10,02:12:43,37.8493,36.0447,7.5,,1.3,,HIMMETLI-SAIMBEYLI (ADANA) İlksel
2026.01.10,02:22:14,40.7915,31.0912,14.7,,1.3,,YENIKARAKOY-(DUZCE) İlksel
2026.01.10,02:25:20,39.2062,28.1480,7.6,,1.1,,YAYLACIK-SINDIRGI (BALIKESIR) İlksel
2026.01.10,02:51:49,37.1307,28.4268,13.9,,1.4,,ULA (MUGLA) İlksel
2026.01.10,02:56:32,39.1775,28.2507,9.6,,2.4,,BAYRAKLI-SINDIRGI (BALIKESIR) İlksel
2026.01.10,03:02:35,37.3492,37.6975,7.0,,2.2,,NOHUTALANI-YAVUZELI (GAZIANTEP) İlksel
2026.01.10,03:13:00,39.1017,28.3072,9.6,,1.8,,YUREGIL-SINDIRGI (BALIKESIR) İlksel
2026.01.10,03:49:33,39.2412,28.0552,7.6,,2.8,,ALAKIR-SINDIRGI (BALIKESIR) İlksel
2026.01.10,03:50:55,39.2398,28.0453,11.9,,2.1,,ALAKIR-SINDIRGI (BALIKESIR) İlksel
2026.01.10,03:51:29,39.2245,28.1190,7.6,,2.0,,BAYIRLI-SINDIRGI (BALIKESIR) İlksel
2026.01.10,03:58:33,39.2562,28.0317,7.0,,1.7,,KIZILGUR-SINDIRGI (BALIKESIR) İlksel
2026.01.10,04:20:27,39.1352,28.3187,8.6,,1.1,,YUREGIL-SINDIRGI (BALIKESIR) İlksel
2026.01.10,04:55:15,39.1732,28.2480,15.4,,1.4,,BAYRAKLI-SINDIRGI (BALIKESIR) İlksel
2026.01.10,05:51:42,39.2990,28.0812,11.6,,1.6,,CAKILLI-SINDIRGI (BALIKESIR) İlksel
2026.01.10,05:55:02,36.2937,28.6995,34.5,,4.1,4.0,AKDENIZ İlksel
2026.01.10,06:00:50,36.2828,28.7175,18.6,,2.9,,AKDENIZ İlksel
2026.01.10,06:16:33,39.1887,28.1310,9.7,,3.0,2.9,ORMANICI-SINDIRGI (BALIKESIR) İlksel
2026.01.10,06:33:09,40.4283,24.0777,1.8,,1.4,,YUNANISTAN İlksel
2026.01.10,07:13:36,38.9223,25.8815,7.9,,3.0,2.9,MIDILLI ADASI GUNEYI (EGE DENIZI) İlksel
2026.01.10,07:52:19,39.1853,28.2177,10.3,,2.2,,ILICA-SINDIRGI (BALIKESIR) İlksel
2026.01.10,09:13:43,39.0732,25.9377,4.1,,2.5,,MIDILLI ADASI GUNEYI (EGE DENIZI) İlksel
2026.01.10,09:16:57,38.3213,38.8203,5.0,,1.9,,BOLUKKAYA-PUTURGE (MALATYA) İlksel
2026.01.10,09:20:03,39.1257,28.1477,22.5,,1.2,,KINIK-SINDIRGI (BALIKESIR) İlksel
2026.01.10,09:32:36,39.1437,28.2688,17.0,,1.2,,YUREGIL-SINDIRGI (BALIKESIR) İlksel
2026.01.10,09:42:47,40.2525,42.0368,5.0,,2.3,,ASAGI CAMLIKALE-HORASAN (ERZURUM) İlksel
2026.01.10,09:56:35,39.2435,27.7945,6.4,,1.7,,BADEMLI-KIRKAGAC (MANISA) İlksel
2026.01.10,10:29:40,39.1625,28.2720,12.2,,2.0,,ISIKLAR-SINDIRGI (BALIKESIR) İlksel
2026.01.10,11:50:12,39.2247,28.2042,6.3,,1.7,,PURSUNLER-SINDIRGI (BALIKESIR) İlksel
2026.01.10,11:55:02,39.2318,28.9977,15.4,,1.4,,YEMISLI-SIMAV (KUTAHYA) İlksel
2026.01.10,12:01:21,39.0908,28.3505,20.8,,1.2,,KOBAKLAR-GORDES (MANISA) İlksel
2026.01.10,12:31:47,37.9408,36.7263,8.7,,1.9,,CAMLICA-(KAHRAMANMARAS) İlksel
2026.01.10,12:52:44,38.7680,37.9618,2.2,,2.1,,DUMLU-HEKIMHAN (MALATYA) İlksel
2026.01.10,13:50:43,37.9933,36.5888,6.0,,2.2,,KARAAHMET-GOKSUN (KAHRAMANMARAS) İlksel
2026.01.10,14:18:02,39.0687,25.9620,9.5,,2.5,,MIDILLI ADASI GUNEYI (EGE DENIZI) İlksel
2026.01.10,14:44:33,38.1015,38.4105,1.6,,2.4,,KARAGOL-CELIKHAN (ADIYAMAN) İlksel
2026.01.10,15:04:57,39.3353,28.2185,5.0,,1.6,,KOCABEY-SINDIRGI (BALIKESIR) İlksel
2026.01.10,15:32:54,39.3275,28.1323,14.9,,1.4,,SULLER-SINDIRGI (BALIKESIR) İlksel
2026.01.10,15:34:49,38.0565,38.2872,2.8,,1.7,,KOSEUSAGI-CELIKHAN (ADIYAMAN) İlksel
2026.01.10,15:46:50,37.8420,29.4967,6.5,,2.7,,ALIKURT-BOZKURT (DENIZLI) İlksel
2026.01.10,16:50:42,38.9257,41.0895,9.9,,2.3,,ESMETAS-SOLHAN (BINGOL) İlksel
2026.01.10,16:52:40,39.1750,28.1440,12.3,,2.0,,SINANDEDE-SINDIRGI (BALIKESIR) İlksel
2026.01.10,17:13:09,36.5592,38.3330,5.0,,1.9,,SURIYE İlksel
2026.01.10,17:26:48,39.1595,28.2233,17.2,,1.4,,BAYRAKLI-SINDIRGI (BALIKESIR) İlksel
2026.01.10,17:53:53,38.1500,36.6252,22.6,,1.5,,YENIYAPAN-GOKSUN (KAHRAMANMARAS) İlksel
2026.01.10,18:03:04,38.3778,37.4055,8.7,,1.3,,YALINTAS-ELBISTAN (KAHRAMANMARAS) İlksel
2026.01.10,18:49:00,37.0577,29.3460,5.0,,1.2,,KIZILYAKA-CAMELI (DENIZLI) İlksel
2026.01.10,19:02:06,38.2673,24.1252,5.0,,3.1,3.0,YUNANISTAN İlksel
2026.01.10,19:13:56,39.2055,40.3092,5.0,,2.2,,DEMIRKANAT-KIGI (BINGOL) İlksel
2026.01.10,19:25:24,39.2302,28.1237,9.0,,1.7,,BAYIRLI-SINDIRGI (BALIKESIR) İlksel
2026.01.10,19:32:44,37.7412,29.8805,12.5,,1.6,,ARMUT-YESILOVA (BURDUR) İlksel
2026.01.10,20:07:11,36.3793,28.4027,6.2,,1.6,,AKDENIZ İlksel
2026.01.10,20:20:11,38.5368,37.9645,8.9,,1.2,,SADIKLI-YAZIHAN (MALATYA) İlksel
2026.01.10,20:26:46,39.2462,29.0332,16.9,,1.7,,KATRANDAGI-EMET (KUTAHYA) İlksel
2026.01.10,20:27:35,38.3358,38.5867,19.1,,1.5,,BULUTLU-(MALATYA) İlksel
2026.01.10,20:27:35,38.2170,38.5992,13.4,,1.5,,SOGUTLU-PUTURGE (MALATYA) İlksel
2026.01.10,20:46:25,38.0943,36.6228,5.0,,2.3,,KANLIKAVAK-GOKSUN (KAHRAMANMARAS) İlksel
2026.01.10,20:48:50,40.4245,30.1742,5.1,,2.5,,HACILAR-GEYVE (SAKARYA) İlksel
2026.01.10,21:18:05,39.1567,27.9823,11.3,,1.4,,KOBASDERE-AKHISAR (MANISA) İlksel
2026.01.10,21:46:25,37.9977,37.6588,7.7,,1.5,,KAPIDERE-DOGANSEHIR (MALATYA) İlksel
2026.01.10,21:56:53,38.0417,38.2915,5.8,,1.9,,KOSEUSAGI-CELIKHAN (ADIYAMAN) İlksel
2026.01.10,21:59:23,39.4362,27.8393,5.4,,2.1,,KONAKPINAR-(BALIKESIR) İlksel
2026.01.10,22:00:00,38.5295,38.0082,8.4,,1.3,,KADIIBRAHIM-AKCADAG (MALATYA) İlksel
2026.01.10,22:13:40,38.1063,36.7457,12.3,,1.3,,FINDIK-GOKSUN (KAHRAMANMARAS) İlksel
2026.01.10,23:27:19,38.7828,37.9772,7.4,,1.4,,DUMLU-HEKIMHAN (MALATYA) İlksel
2026.01.10,23:49:31,37.8595,29.5627,19.2,,1.3,,BASCESME-BOZKURT (DENIZLI) İlksel
2026.01.10,23:59:08,39.1353,28.2715,16.4,,1.4,,YUREGIL-SINDIRGI (BALIKESIR) İlksel
2026.01.11,00:02:28,38.2968,38.7943,7.1,,1.7,,BOLUKKAYA-PUTURGE (MALATYA) İlksel
2026.01.11,00:27:05,39.2262,28.9587,13.6,,1.6,,YEMISLI-SIMAV (KUTAHYA) İlksel
2026.01.11,00:29:48,38.5195,38.0012,8.0,,1.4,,KADIIBRAHIM-AKCADAG (MALATYA) İlksel
2026.01.11,00:48:07,38.0662,36.4260,6.8,,1.6,,SOGUKPINAR-GOKSUN (KAHRAMANMARAS) İlksel
2026.01.11,00:50:20,34.2165,34.9470,12.2,,3.8,,DOGU AKDENIZ İlksel
2026.01.11,01:00:11,39.1765,28.0535,9.0,,1.9,,SOGUTLU-AKHISAR (MANISA) İlksel
2026.01.11,01:21:42,39.7615,39.0035,7.2,,1.6,,DEDEOGLU-KEMAH (ERZINCAN) İlksel
2026.01.11,01:37:56,39.6047,28.8100,4.4,,1.4,,KAZIMIYE-DURSUNBEY (BALIKESIR) İlksel
2026.01.11,02:09:57,39.2400,28.0435,10.5,,2.3,,ALAKIR-SINDIRGI (BALIKESIR) İlksel
2026.01.11,02:09:59,40.9353,31.6833,5.8,,2.8,,YAYLATEPE-YIGILCA (DUZCE) İlksel
2026.01.11,02:41:14,39.1693,28.1158,11.1,,1.1,,ORMANICI-SINDIRGI (BALIKESIR) İlksel
2026.01.11,02:44:36,38.7947,42.7322,24.8,,1.6,,ADILCEVAZ (BITLIS) İlksel
2026.01.11,02:46:26,38.4927,38.0430,12.0,,1.2,,ILICAK-AKCADAG (MALATYA) İlksel
2026.01.11,03:10:59,39.0645,29.6840,12.6,,2.2,,CAMDIBI-ASLANAPA (KUTAHYA) İlksel
2026.01.11,03:32:04,39.8908,25.8635,6.5,,1.9,,EGE DENIZI İlksel
2026.01.11,03:40:31,38.8802,27.5415,2.0,,2.0,,SEYITOBA-SARUHANLI (MANISA) İlksel
2026.01.11,03:52:02,38.2393,37.4240,6.5,,1.3,,OZBEK-ELBISTAN (KAHRAMANMARAS) İlksel
2026.01.11,04:08:00,40.9453,28.4675,27.8,,1.5,,GURPINAR ACIKLARI-ISTANBUL (MARMARA DENIZI) İlksel
2026.01.11,04:13:54,40.8080,27.5420,18.1,,2.0,,YENIKOY ACIKLARI-TEKIRDAG (MARMARA DENIZI) İlksel
2026.01.11,04:17:58,38.7690,27.1363,13.0,,3.7,3.6,DUZLEN-(MANISA) İlksel
2026.01.11,04:33:36,38.7788,27.1392,5.0,,3.8,3.8,DUZLEN-(MANISA) İlksel
2026.01.11,05:18:29,39.3515,28.0202,10.4,,3.1,3.0,ESMEDERE-SINDIRGI (BALIKESIR) İlksel
2026.01.11,05:22:10,39.3733,27.9717,5.2,,1.2,,HAMIDIYE-BIGADIC (BALIKESIR) İlksel
2026.01.11,05:23:24,39.1705,28.0870,10.5,,1.6,,KERTIL-SINDIRGI (BALIKESIR) İlksel
2026.01.11,05:54:13,38.7695,27.1270,16.0,,3.5,3.4,KARAKUZU-ALIAGA (IZMIR) İlksel
2026.01.11,05:57:27,39.1843,28.1615,10.2,,2.1,,SINANDEDE-SINDIRGI (BALIKESIR) İlksel
2026.01.11,05:58:26,40.3567,24.0738,11.7,,1.3,,YUNANISTAN İlksel
2026.01.11,06:21:56,39.8475,28.1770,3.9,,1.5,,SULECIK-SUSURLUK (BALIKESIR) İlksel
2026.01.11,06:59:17,40.8840,31.6713,6.6,,2.2,,MESCICELE-(BOLU) İlksel
2026.01.11,07:05:47,39.2412,28.9725,11.4,,1.7,,YEMISLI-SIMAV (KUTAHYA) İlksel
2026.01.11,07:26:19,39.1862,28.1793,11.5,,1.6,,YAYLACIK-SINDIRGI (BALIKESIR) İlksel
2026.01.11,07:33:14,39.6530,26.1042,2.3,,1.6,,TAVAKLI ACIKLARI-CANAKKALE (EGE DENIZI) İlksel
2026.01.11,07:34:53,39.2003,28.1420,9.1,,1.6,,ORMANICI-SINDIRGI (BALIKESIR) İlksel
2026.01.11,07:36:48,38.2053,38.0647,8.0,,1.8,,ISIKLI-YESILYURT (MALATYA) İlksel
2026.01.11,08:05:11,39.1997,28.1560,10.0,,1.2,,YAYLACIK-SINDIRGI (BALIKESIR) İlksel
2026.01.11,08:31:26,36.9277,28.0385,4.9,,1.8,,GOKOVA KORFEZI (EGE DENIZI) İlksel
2026.01.11,09:20:33,39.1668,28.1343,14.3,,1.9,,SINANDEDE-SINDIRGI (BALIKESIR) İlksel
2026.01.11,09:27:23,39.2238,27.8687,9.1,,1.8,,GUVENDIK-KIRKAGAC (MANISA) İlksel
2026.01.11,09:33:00,39.2498,28.9432,7.9,,1.4,,YENILER-SIMAV (KUTAHYA) İlksel
2026.01.11,09:48:08,39.1365,28.3545,17.0,,1.3,,YAYLABAYIR-SINDIRGI (BALIKESIR) İlksel
2026.01.11,09:56:03,39.1162,28.3937,11.5,,1.7,,YAYLABAYIR-SINDIRGI (BALIKESIR) İlksel
2026.01.11,10:09:29,36.3440,25.4917,6.2,,3.3,3.4,EGE DENIZI İlksel
2026.01.11,12:03:57,39.0945,25.8460,2.5,,2.5,,EGE DENIZI İlksel
2026.01.11,12:06:14,38.2715,38.1547,3.2,,2.6,,SEYITUSAGI-YESILYURT (MALATYA) İlksel
2026.01.11,12:30:48,38.2122,37.1887,7.4,,1.6,,ELBISTAN (KAHRAMANMARAS) İlksel
2026.01.11,12:33:55,39.1847,28.1978,13.6,,2.6,,AKTAS-SINDIRGI (BALIKESIR) İlksel
2026.01.11,12:51:30,40.8700,28.7425,4.3,,2.0,,AVCILAR ACIKLARI-ISTANBUL (MARMARA DENIZI) İlksel
2026.01.11,13:06:53,40.8788,28.6818,16.8,,1.8,,AVCILAR ACIKLARI-ISTANBUL (MARMARA DENIZI) İlksel
2026.01.11,13:27:28,39.2392,28.1042,13.5,,1.7,,KOZLU-SINDIRGI (BALIKESIR) İlksel
2026.01.11,13:45:00,38.1507,38.5323,14.5,,1.5,,ULUKOY-(MALATYA) İlksel
2026.01.11,13:54:21,37.6033,28.5565,22.5,,1.7,,YAYKIN-KARACASU (AYDIN) İlksel
2026.01.11,14:27:52,39.1435,28.1757,5.4,,1.7,,AKTAS-SINDIRGI (BALIKESIR) İlksel
2026.01.11,15:03:58,39.1323,28.0963,19.4,,0.9,,ISACA-AKHISAR (MANISA) İlksel
2026.01.11,15:11:49,39.2427,28.1242,19.5,,1.1,,BAYIRLI-SINDIRGI (BALIKESIR) İlksel
2026.01.11,15:14:56,37.0457,36.2218,7.0,,1.7,,AKYAR-(OSMANIYE) İlksel
2026.01.11,15:16:11,38.7898,37.9445,2.1,,2.0,,HEKIMHAN (MALATYA) İlksel
2026.01.11,15:21:21,40.4582,26.3042,15.1,,1.3,,SAROS KORFEZI (EGE DENIZI) İlksel
2026.01.11,16:15:04,40.3452,24.0848,16.2,,2.1,,YUNANISTAN İlksel
2026.01.11,17:19:33,39.1200,28.2768,18.9,,1.3,,YUREGIL-SINDIRGI (BALIKESIR) İlksel
2026.01.11,17:49:37,37.7715,36.5057,5.0,,1.9,,ALTINYAYLA-ANDIRIN (KAHRAMANMARAS) İlksel
2026.01.11,18:07:28,38.3697,37.5160,14.1,,1.3,,YOGUNSOGUT-ELBISTAN (KAHRAMANMARAS) İlksel
2026.01.11,18:31:50,39.3398,25.6795,5.4,,1.9,,EGE DENIZI İlksel
2026.01.11,18:32:02,39.9682,23.3885,8.4,,2.6,,YUNANISTAN İlksel
2026.01.11,18:39:53,39.1740,28.1175,9.8,,1.6,,ORMANICI-SINDIRGI (BALIKESIR) İlksel
